report_id,auditee_uei,audit_year,fac_accepted_date,additional_uei
2022-06-CENSUS-0000254411,XVEZJEGJBBZ3,2022,2022-12-26,KBM3ZKYAGXJ8
2022-06-CENSUS-0000215248,QYLNGJV249J8,2022,2022-11-16,GJ7JRCSYDDK7
2022-06-CENSUS-0000215248,QYLNGJV249J8,2022,2022-11-16,U6J1KPYN4P76
2022-06-CENSUS-0000179867,L2MKKXJMJRH8,2022,2022-11-28,NK68JH2NXDJ4
2022-06-CENSUS-0000256092,KL3LKWK45VK5,2022,2022-11-30,TGLMK32JH1N7
2022-06-CENSUS-0000198465,JE7PB4BFL434,2022,2022-12-23,TNE2H3A19RM4
2022-06-CENSUS-0000215980,KJ1HZF2TAFS9,2022,2022-12-28,DYFJKCT5WUD9
2022-03-CENSUS-0000034557,ZY63XPTXNZC3,2022,2022-12-19,EMMVBR5FQ1A3
2022-03-CENSUS-0000034557,ZY63XPTXNZC3,2022,2022-12-19,Q54HEGF8VMM7
2022-03-CENSUS-0000034557,ZY63XPTXNZC3,2022,2022-12-19,US1NHRAWLHG9
2022-06-CENSUS-0000225106,J3VJP6KKXA49,2022,2022-12-26,DTUWEVASCW67
2022-06-CENSUS-0000225106,J3VJP6KKXA49,2022,2022-12-26,NL78U8FCSL19
2022-06-CENSUS-0000225106,J3VJP6KKXA49,2022,2022-12-26,E5WFJBN4GNZ1
2022-05-CENSUS-0000049782,N5E7UNMDT711,2022,2022-11-22,LRWWXLVE9W65
2022-05-CENSUS-0000049782,N5E7UNMDT711,2022,2022-11-22,EMTGV78SSL27
2022-05-CENSUS-0000049782,N5E7UNMDT711,2022,2022-11-22,J6QKMB195BN5
2022-06-CENSUS-0000171447,L2J2BHW7LAE7,2022,2022-12-21,GNFTJL1SKWA5
2022-06-CENSUS-0000149214,NY79MWUNAL37,2022,2022-12-13,WXZ5W8YD44V8
2022-06-CENSUS-0000149214,NY79MWUNAL37,2022,2022-12-13,NNK5VUUWCBG5
2022-06-CENSUS-0000149214,NY79MWUNAL37,2022,2022-12-13,MS9FCMQQW9J1
2022-06-CENSUS-0000149214,NY79MWUNAL37,2022,2022-12-13,Z4ASJUES8EZ6
2022-06-CENSUS-0000149214,NY79MWUNAL37,2022,2022-12-13,LKWJZUJG5RX5
2022-06-CENSUS-0000149214,NY79MWUNAL37,2022,2022-12-13,LDLLRCFWD8Z3
2022-06-CENSUS-0000045493,FMCTRB1SNJH8,2022,2022-11-29,DHTEGKLW4RM1
2022-06-CENSUS-0000123802,TNQMP46NDSL1,2022,2022-10-23,WGDMLCMUWAN1
2022-03-CENSUS-0000114429,HDKAKDQ1KLQ6,2022,2022-11-14,NYE3BJTVAJQ3
2022-06-CENSUS-0000251622,LM5MD6TLKHP9,2022,2022-12-13,DWFNLMQAG4N4
2022-06-CENSUS-0000119153,KTTQP5D3JDY7,2022,2022-11-21,XY8AAU6NJLK9
2022-06-CENSUS-0000232455,HZRXG8BGUNW1,2022,2022-11-16,C1LZWNUQDN43
2022-06-CENSUS-0000087864,NNULQVJJCKY7,2022,2022-11-01,DQWQBXB5QYB5
2022-06-CENSUS-0000229348,FGK1F8ELG3J1,2022,2022-12-19,X776RFH7UBL3
2022-06-CENSUS-0000229348,FGK1F8ELG3J1,2022,2022-12-19,PYFKRTE3SJR7
2022-06-CENSUS-0000171819,DT4SUBQNQ725,2022,2022-12-13,F6VZC1ZDNWH9
2022-06-CENSUS-0000171819,DT4SUBQNQ725,2022,2022-12-13,DAA5K6UCWRS6
2022-06-CENSUS-0000171819,DT4SUBQNQ725,2022,2022-12-13,XFR3A4N3ANG4
2022-06-CENSUS-0000171819,DT4SUBQNQ725,2022,2022-12-13,RA6NNATNASR2
2022-06-CENSUS-0000171819,DT4SUBQNQ725,2022,2022-12-13,K5KLH15Y4VF3
2022-06-CENSUS-0000171819,DT4SUBQNQ725,2022,2022-12-13,YLAJU6F2GSA4
2022-06-CENSUS-0000171819,DT4SUBQNQ725,2022,2022-12-13,L9Y3X3E9NLP9
2022-06-CENSUS-0000171819,DT4SUBQNQ725,2022,2022-12-13,MWE4Y31AG7N9
2022-06-CENSUS-0000171819,DT4SUBQNQ725,2022,2022-12-13,VDY9FPGKUMG4
2022-06-CENSUS-0000171819,DT4SUBQNQ725,2022,2022-12-13,N4XZLZRTUL41
2022-06-CENSUS-0000171819,DT4SUBQNQ725,2022,2022-12-13,HWJDW7QMMKN3
2022-06-CENSUS-0000171819,DT4SUBQNQ725,2022,2022-12-13,PGSLEWDNFK53
2022-06-CENSUS-0000171819,DT4SUBQNQ725,2022,2022-12-13,EQMAMREXKP63
2022-06-CENSUS-0000256246,EXC1QZFCU3M4,2022,2022-12-12,TH23SR2BG8M1
2022-06-CENSUS-0000256246,EXC1QZFCU3M4,2022,2022-12-12,KJ2NMJKAJNH7
2022-06-CENSUS-0000256246,EXC1QZFCU3M4,2022,2022-12-12,SJYSJ4K4H2J4
2022-06-CENSUS-0000204878,MKNSE883RLU8,2022,2022-11-07,L69DLR2RANX9
2022-06-CENSUS-0000204878,MKNSE883RLU8,2022,2022-11-07,T6SMT32GEAB5
2022-06-CENSUS-0000204878,MKNSE883RLU8,2022,2022-11-07,JUHZCTFJ9FM5
2022-06-CENSUS-0000085655,T2RUKCBNB4M3,2022,2022-12-13,EKENML4A9PZ5
2022-06-CENSUS-0000066363,KZLMGGLNLZ78,2022,2022-10-30,PN99PMLZPCG2
2022-06-CENSUS-0000066363,KZLMGGLNLZ78,2022,2022-10-30,C6L8XTVXGCA7
2022-06-CENSUS-0000244060,V45ADERKJAY8,2022,2022-11-13,C1UPD99BCWH5
2022-06-CENSUS-0000244060,V45ADERKJAY8,2022,2022-11-13,MBF7VMNLNRT5
2022-06-CENSUS-0000065539,NJ24BM8CYWZ3,2022,2022-12-05,PZMKHFJ854G2
2022-06-CENSUS-0000245488,SBZCW6KP7A77,2022,2022-12-04,WMEBYZQEZVJ4
2022-06-CENSUS-0000245488,SBZCW6KP7A77,2022,2022-12-04,FHJLVLKT5ER7
2022-06-CENSUS-0000245488,SBZCW6KP7A77,2022,2022-12-04,LMEEMAM1X5F6
2022-03-CENSUS-0000256422,YKZ3ZJJQWK53,2022,2022-12-28,F4U6ZQFBMG39
2022-03-CENSUS-0000256422,YKZ3ZJJQWK53,2022,2022-12-28,L9DMKBANLMK7
2022-03-CENSUS-0000256422,YKZ3ZJJQWK53,2022,2022-12-28,VEBEM6UTB6A3
2022-06-CENSUS-0000073542,M9MYFN337FB9,2022,2022-12-14,N6CCSJ75L2J7
2022-06-CENSUS-0000214354,V94MVF2WR7Z9,2022,2022-11-16,Z638SSL78KJ9
2022-06-CENSUS-0000214354,V94MVF2WR7Z9,2022,2022-11-16,KGZNJQNELV41
2022-06-CENSUS-0000214354,V94MVF2WR7Z9,2022,2022-11-16,D4AAYZMK3ML6
2022-06-CENSUS-0000214354,V94MVF2WR7Z9,2022,2022-11-16,ZY3SHXYFTBG5
2022-06-CENSUS-0000002131,THL6A6JLE1S7,2022,2022-12-19,FBYMGMHW4X95
2022-06-CENSUS-0000169269,NH9HEJVBNMB1,2022,2022-12-19,KNDVA8UAL1A8
2022-06-CENSUS-0000169269,NH9HEJVBNMB1,2022,2022-12-19,NVUBJEPS5WM6
2022-06-CENSUS-0000237639,LCA6ETKPC1D6,2022,2022-11-30,N2GNQ9JKYL94
2022-06-CENSUS-0000237639,LCA6ETKPC1D6,2022,2022-11-30,QN7XQN12MRRE
2022-06-CENSUS-0000237639,LCA6ETKPC1D6,2022,2022-11-30,CL2BBZZKRVTK
2022-06-CENSUS-0000237639,LCA6ETKPC1D6,2022,2022-11-30,NZJ7XSLTDHX7
2022-06-CENSUS-0000237639,LCA6ETKPC1D6,2022,2022-11-30,TDDESX4B5MP9
2022-06-CENSUS-0000237639,LCA6ETKPC1D6,2022,2022-11-30,LBQ5MUGJMQC7
2022-06-CENSUS-0000171373,QZ1UKGMBJH31,2022,2022-12-11,HEGLJYD58B35
2022-06-CENSUS-0000218539,KLJFAMHHLMM7,2022,2022-12-14,MEK5JLRMK7B5
2022-06-CENSUS-0000218539,KLJFAMHHLMM7,2022,2022-12-14,RAJHNV3J5SA3
2022-06-CENSUS-0000218539,KLJFAMHHLMM7,2022,2022-12-14,MK8ERGC1W4B8
2022-06-CENSUS-0000218539,KLJFAMHHLMM7,2022,2022-12-14,FJXYC11MJ566
2022-06-CENSUS-0000171443,SEJSLWUCL1E6,2022,2022-12-28,RWUKGG66VSY4
2022-06-CENSUS-0000003416,KL1NCJ98GKX7,2022,2022-11-22,NDSKH1JGTHV5
2022-06-CENSUS-0000162412,XA77NAJYELF1,2022,2022-12-06,M9ACC5DQCNL6
2022-06-CENSUS-0000256339,NQCXZ3FGTTL3,2022,2022-12-15,ZRC9DEHMDJ57
2022-06-CENSUS-0000256339,NQCXZ3FGTTL3,2022,2022-12-15,MQT9R59LY887
2022-06-CENSUS-0000182582,MWLWJBTFZ5N5,2022,2022-12-11,KPLPNVH9ABJ9
2022-06-CENSUS-0000182582,MWLWJBTFZ5N5,2022,2022-12-11,MRXPGMNHB7M4
2022-06-CENSUS-0000235613,K49KP3ZCGW63,2022,2022-12-06,EY4DZFWP77C6
2022-06-CENSUS-0000252195,W9CMZANDFNW7,2022,2022-12-20,FV7FT7CXFTD8
2022-06-CENSUS-0000111941,PLPZAZ7HPCE6,2022,2022-12-20,DG1XLSKL7NN3
2022-06-CENSUS-0000111941,PLPZAZ7HPCE6,2022,2022-12-20,NZLMVHY3N311
2022-06-CENSUS-0000130292,MJJ4P9G2NN76,2022,2022-11-15,SGHTS5TM6NR9
2022-06-CENSUS-0000130292,MJJ4P9G2NN76,2022,2022-11-15,RV8GLV5CZ8H5
2022-06-CENSUS-0000130292,MJJ4P9G2NN76,2022,2022-11-15,EAFGKMGGG8M7
2022-06-CENSUS-0000214749,PNGBNJ8ALA81,2022,2022-11-15,GV32X87GLW33
2022-06-CENSUS-0000183414,FFEEFY1RB5B5,2022,2022-12-15,W3A1KZDHNW61
2022-05-CENSUS-0000204429,GJE3Q31DAKJ8,2022,2022-10-20,D8MBRZJDGXV8
2022-06-CENSUS-0000176115,JKS8PEKYNVL5,2022,2022-12-25,FQLUQGKPX593
2022-06-CENSUS-0000161620,DW25GGH718G5,2022,2022-11-19,XQ8MDCZHPCA3
2022-03-CENSUS-0000195709,LG42MA65EHL9,2022,2022-12-30,ZHM5B5GM7AK9
2022-03-CENSUS-0000195709,LG42MA65EHL9,2022,2022-12-30,KNJHUL3WYU89
2022-03-CENSUS-0000195709,LG42MA65EHL9,2022,2022-12-30,JNJZA5SRYLS5
2022-03-CENSUS-0000195709,LG42MA65EHL9,2022,2022-12-30,RZVGS6LXB9K9
2022-06-CENSUS-0000003064,R6W9AMMLL8K9,2022,2022-12-13,R6W9A33LL8K9
2022-06-CENSUS-0000003064,R6W9AMMLL8K9,2022,2022-12-13,U5T3SBMSBDF4
2022-06-CENSUS-0000093119,Q333GZUS8Q67,2022,2022-11-22,H9MGBK72DKJ6
2022-06-CENSUS-0000251978,TE7NY33LUGJ7,2022,2022-11-20,EY8VE1ZWELD3
2022-06-CENSUS-0000251978,TE7NY33LUGJ7,2022,2022-11-20,JCM9KNHM6FR1
2022-06-CENSUS-0000251978,TE7NY33LUGJ7,2022,2022-11-20,JD13LHJR4EM9
2022-06-CENSUS-0000256111,F5XNKJYXFVM3,2022,2022-12-01,CKM7W88A7175
2022-06-CENSUS-0000136783,GJ6PH13BLMW6,2022,2022-12-14,FK4YJ5DM9GG5
2022-06-CENSUS-0000136783,GJ6PH13BLMW6,2022,2022-12-14,NQAWDND5R877
2022-06-CENSUS-0000136783,GJ6PH13BLMW6,2022,2022-12-14,S8WPHMS9NG76
2022-06-CENSUS-0000136783,GJ6PH13BLMW6,2022,2022-12-14,N13LCDPRMJ51
2022-06-CENSUS-0000047882,CVNBL4GDUKF3,2022,2022-12-22,RFRPFMNR8LA5
2022-03-CENSUS-0000256356,NSVFUEY25ML8,2022,2022-12-19,VLRTB12G6KR4
2022-03-CENSUS-0000256356,NSVFUEY25ML8,2022,2022-12-19,SM48XARY78F8
2022-03-CENSUS-0000256356,NSVFUEY25ML8,2022,2022-12-19,FJPHELBK1623
2022-06-CENSUS-0000239839,MGNMFF3H5ND5,2022,2022-10-31,MKA8AT1V1954
2022-06-CENSUS-0000239839,MGNMFF3H5ND5,2022,2022-10-31,CLG5RV2M6UH3
2022-06-CENSUS-0000239839,MGNMFF3H5ND5,2022,2022-10-31,RRVULZBXK185
2022-06-CENSUS-0000239839,MGNMFF3H5ND5,2022,2022-10-31,T1MACKX8X273
2022-06-CENSUS-0000239839,MGNMFF3H5ND5,2022,2022-10-31,MKLGFTABFK64
2022-06-CENSUS-0000239839,MGNMFF3H5ND5,2022,2022-10-31,TNKBBYBJLYK5
2022-06-CENSUS-0000239839,MGNMFF3H5ND5,2022,2022-10-31,HFGBM1KK24Q1
2022-06-CENSUS-0000239839,MGNMFF3H5ND5,2022,2022-10-31,D68QABJKGHS7
2022-06-CENSUS-0000239839,MGNMFF3H5ND5,2022,2022-10-31,JNKNRKCE8DH3
2022-06-CENSUS-0000252261,LAYJLA77TK63,2022,2022-11-27,QSMPFAHABG23
2022-06-CENSUS-0000252261,LAYJLA77TK63,2022,2022-11-27,ZR7JJWR2H2U3
2022-06-CENSUS-0000252261,LAYJLA77TK63,2022,2022-11-27,PYTLQ6WMHS89
2022-06-CENSUS-0000252261,LAYJLA77TK63,2022,2022-11-27,TMF6KEWBNCK8
2022-06-CENSUS-0000252261,LAYJLA77TK63,2022,2022-11-27,RKZ9Z4LBQAS3
2022-06-CENSUS-0000252261,LAYJLA77TK63,2022,2022-11-27,HVZWNL3KY6H8
2022-01-CENSUS-0000241838,10HE00098201,2022,2022-10-23,10CH01081101
2022-06-CENSUS-0000240247,GVJXJKAAQ7L6,2022,2022-11-03,CLC7HCQ2RJV9
2022-06-CENSUS-0000240224,ZZ5WSC7D56X1,2022,2022-11-21,JK2LL598SCK4
2022-06-CENSUS-0000240224,ZZ5WSC7D56X1,2022,2022-11-21,C2NKHCFJ6148
2022-06-CENSUS-0000173945,UGZGBZC1QY53,2022,2022-10-11,LLCFQYLGJZS7
2022-06-CENSUS-0000247765,U4KJGNJNKLR9,2022,2022-12-27,KQLPDK7J9C34
2022-06-CENSUS-0000247765,U4KJGNJNKLR9,2022,2022-12-27,PA1WAW3MTG41
2022-03-CENSUS-0000253672,C7K6WD3GFUP6,2022,2022-12-29,VKUTNZNJHLB3
2022-03-CENSUS-0000253672,C7K6WD3GFUP6,2022,2022-12-29,ZEZDCGLXLSR9
2022-03-CENSUS-0000253672,C7K6WD3GFUP6,2022,2022-12-29,NKZXDVRF4Q55
2022-06-CENSUS-0000214061,FJ3SBWYWSAR9,2022,2022-12-20,GUZLY5FN1L31
2022-06-CENSUS-0000251958,JPP6D7LVEBH8,2022,2022-12-14,Z3JDK39LLYZ9
2022-06-CENSUS-0000251958,JPP6D7LVEBH8,2022,2022-12-14,PZJMZGRUY324
2022-06-CENSUS-0000251958,JPP6D7LVEBH8,2022,2022-12-14,G21QUJT53MF8
2022-06-CENSUS-0000197439,FJN1KQNN38MS,2022,2022-12-13,D15KN2HQ53C7
2022-06-CENSUS-0000128276,M9GKSQB7UJ65,2022,2022-12-06,J9TCP376TC54
2022-06-CENSUS-0000128276,M9GKSQB7UJ65,2022,2022-12-06,J6GZVJ8BCL77
2022-06-CENSUS-0000201693,GWSXAJZALU69,2022,2022-10-27,FUL6WMG57B81
2022-06-CENSUS-0000201693,GWSXAJZALU69,2022,2022-10-27,PZ3LQZB9NUJ4
2022-06-CENSUS-0000201693,GWSXAJZALU69,2022,2022-10-27,ZKTGRL7XJNN3
2022-06-CENSUS-0000201693,GWSXAJZALU69,2022,2022-10-27,RHJGDHN6HKH7
2022-06-CENSUS-0000201693,GWSXAJZALU69,2022,2022-10-27,HHWKSVJP5983
2022-06-CENSUS-0000201693,GWSXAJZALU69,2022,2022-10-27,HEHTK6PZJK27
2022-06-CENSUS-0000201693,GWSXAJZALU69,2022,2022-10-27,KMKFX634FMA5
2022-06-CENSUS-0000201693,GWSXAJZALU69,2022,2022-10-27,XXNRNNKADJK6
2022-06-CENSUS-0000201693,GWSXAJZALU69,2022,2022-10-27,KKCWCE75EY67
2022-06-CENSUS-0000201693,GWSXAJZALU69,2022,2022-10-27,EC93ZNLMVRP9
2022-06-CENSUS-0000201693,GWSXAJZALU69,2022,2022-10-27,MCKUP4GWKCR9
2022-06-CENSUS-0000201693,GWSXAJZALU69,2022,2022-10-27,FRRVWZA91J99
2022-06-CENSUS-0000201693,GWSXAJZALU69,2022,2022-10-27,XKNCRNQE18G3
2022-06-CENSUS-0000201693,GWSXAJZALU69,2022,2022-10-27,YG1JMECDM6Y3
2022-06-CENSUS-0000201693,GWSXAJZALU69,2022,2022-10-27,LLV2L7VR3BH3
2022-06-CENSUS-0000201693,GWSXAJZALU69,2022,2022-10-27,DYPLVSEBPZM6
2022-06-CENSUS-0000068059,HH1PRRXHYXX5,2022,2022-12-21,QMZDLA8W7B11
2022-06-CENSUS-0000068059,HH1PRRXHYXX5,2022,2022-12-21,MFK5WBF4FGR9
2022-06-CENSUS-0000244592,Z3FGN9MF92U2,2022,2022-12-12,J2KGU972RXG3
2022-06-CENSUS-0000256415,ZJ2JHZU9XQB9,2022,2022-12-21,MXGZKTHF6NS9
2022-06-CENSUS-0000256415,ZJ2JHZU9XQB9,2022,2022-12-21,VV38R85CK2E8
2022-06-CENSUS-0000256415,ZJ2JHZU9XQB9,2022,2022-12-21,UA9RF5YC39E5
2022-06-CENSUS-0000251448,UJ7ZFUKDH4M8,2022,2022-10-19,J88QDAE1JNV3
2022-06-CENSUS-0000228321,N3SZLNZSJZH3,2022,2022-12-15,ME4VZFCLAT67
2022-06-CENSUS-0000228321,N3SZLNZSJZH3,2022,2022-12-15,PSNACTBUTRA7
2022-06-CENSUS-0000228321,N3SZLNZSJZH3,2022,2022-12-15,NM7VCHWYQ187
2022-06-CENSUS-0000228321,N3SZLNZSJZH3,2022,2022-12-15,LKJ3LNAS1Z13
2022-06-CENSUS-0000027040,FMT5L6V2NMN1,2022,2022-11-20,S8Z4MJL96AM1
2022-06-CENSUS-0000027040,FMT5L6V2NMN1,2022,2022-11-20,H4LHZN3LLQ35
2022-06-CENSUS-0000027040,FMT5L6V2NMN1,2022,2022-11-20,NEBYCWMCZ7V3
2022-06-CENSUS-0000027040,FMT5L6V2NMN1,2022,2022-11-20,QN96G6LJN9P1
2022-06-CENSUS-0000027040,FMT5L6V2NMN1,2022,2022-11-20,X5DUMXMUY164
2022-06-CENSUS-0000027040,FMT5L6V2NMN1,2022,2022-11-20,QCN2DRC1PTA6
2022-06-CENSUS-0000077824,ECR5E2LU5BL6,2022,2022-11-21,WU7DM45TSM75
2022-01-CENSUS-0000254122,NYM9K9SPAJD6,2022,2022-12-01,TUMFU9HBBW67
2022-06-CENSUS-0000176258,GLBPCNCAQ4S4,2022,2022-12-18,F33QYPLL65D9
2022-06-CENSUS-0000176258,GLBPCNCAQ4S4,2022,2022-12-18,ML9LUZEVCT94
2022-06-CENSUS-0000196103,UW41HLMNGM63,2022,2022-12-05,N425KANCMQ84
2022-06-CENSUS-0000003413,MS68RFTB5145,2022,2022-12-06,M4C3N4K4NN87
2022-06-CENSUS-0000247791,KHV6B17LFL86,2022,2022-12-13,XHJJSUAL4H89
2022-06-CENSUS-0000247791,KHV6B17LFL86,2022,2022-12-13,XKHDZHP1A4D9
2022-06-CENSUS-0000191722,YJ49WJKCSH23,2022,2022-12-08,WKN9UVT8FDD7
2022-06-CENSUS-0000255509,KA96DU7YHWA7,2022,2022-11-08,MS3GETY5RGC7
2022-06-CENSUS-0000251783,VVZ3CZKKMVQ4,2022,2022-11-29,Q9RLSNXTTL17
2022-06-CENSUS-0000251783,VVZ3CZKKMVQ4,2022,2022-11-29,VHP3PGLMN7KV
2022-06-CENSUS-0000251783,VVZ3CZKKMVQ4,2022,2022-11-29,DUY8PDWD7JB7
2022-06-CENSUS-0000251783,VVZ3CZKKMVQ4,2022,2022-11-29,CUBKDBLDNE83
2022-06-CENSUS-0000251783,VVZ3CZKKMVQ4,2022,2022-11-29,PZAEFGUREU21
2022-06-CENSUS-0000251783,VVZ3CZKKMVQ4,2022,2022-11-29,GK76J3CHGGW5
2022-06-CENSUS-0000251783,VVZ3CZKKMVQ4,2022,2022-11-29,G4S8DJZ5R784
2022-06-CENSUS-0000251783,VVZ3CZKKMVQ4,2022,2022-11-29,DV4ZATANSA15
2022-06-CENSUS-0000251783,VVZ3CZKKMVQ4,2022,2022-11-29,V8WBPJYNKCR5
2022-06-CENSUS-0000251783,VVZ3CZKKMVQ4,2022,2022-11-29,VK4UBK7WBWS3
2022-06-CENSUS-0000251783,VVZ3CZKKMVQ4,2022,2022-11-29,VHTJB3NB4W55
2022-06-CENSUS-0000251783,VVZ3CZKKMVQ4,2022,2022-11-29,P5K3HC4KQZE3
2022-06-CENSUS-0000251783,VVZ3CZKKMVQ4,2022,2022-11-29,F3T4NG62AZC9
2022-06-CENSUS-0000251783,VVZ3CZKKMVQ4,2022,2022-11-29,VLBHUFY1KSE1
2022-06-CENSUS-0000251783,VVZ3CZKKMVQ4,2022,2022-11-29,VQ2GLBL5DYM9
2022-06-CENSUS-0000251783,VVZ3CZKKMVQ4,2022,2022-11-29,VRS4B4M34F77
2022-06-CENSUS-0000251783,VVZ3CZKKMVQ4,2022,2022-11-29,ECMTEYLLX541
2022-06-CENSUS-0000251783,VVZ3CZKKMVQ4,2022,2022-11-29,VS9FADVZJZS7
2022-06-CENSUS-0000251783,VVZ3CZKKMVQ4,2022,2022-11-29,VSLVGJM67US9
2022-06-CENSUS-0000251783,VVZ3CZKKMVQ4,2022,2022-11-29,VT11K8YR9SX3
2022-06-CENSUS-0000251783,VVZ3CZKKMVQ4,2022,2022-11-29,EX3KBCPGAW55
2022-06-CENSUS-0000251783,VVZ3CZKKMVQ4,2022,2022-11-29,EXJTR6NGTAE7
2022-06-CENSUS-0000251783,VVZ3CZKKMVQ4,2022,2022-11-29,VU9UP8CCYFC4
2022-06-CENSUS-0000251783,VVZ3CZKKMVQ4,2022,2022-11-29,MNU9FX5ML9D3
2022-06-CENSUS-0000251783,VVZ3CZKKMVQ4,2022,2022-11-29,TPQAU2B22WL2
2022-06-CENSUS-0000251783,VVZ3CZKKMVQ4,2022,2022-11-29,VY6ZKLGVXFK5
2022-06-CENSUS-0000251783,VVZ3CZKKMVQ4,2022,2022-11-29,VYK7TKHHCMB9
2022-06-CENSUS-0000251783,VVZ3CZKKMVQ4,2022,2022-11-29,TS8TMR9R2F41
2022-06-CENSUS-0000251783,VVZ3CZKKMVQ4,2022,2022-11-29,KBTSG13JSHF5
2022-06-CENSUS-0000251783,VVZ3CZKKMVQ4,2022,2022-11-29,EZQFL7K3ESE3
2022-06-CENSUS-0000251783,VVZ3CZKKMVQ4,2022,2022-11-29,EZV8HJ6RYTK4
2022-06-CENSUS-0000001354,N3UTNKGNEZK9,2022,2022-12-19,GBBHFCSP2276
2022-06-CENSUS-0000251785,G59BNCR62FN8,2022,2022-11-27,F46XEMZEPNU6
2022-06-CENSUS-0000251785,G59BNCR62FN8,2022,2022-11-27,F4J6WLKN3UA6
2022-06-CENSUS-0000251785,G59BNCR62FN8,2022,2022-11-27,EUV7L5BDGPN1
2022-06-CENSUS-0000251785,G59BNCR62FN8,2022,2022-11-27,F5AXCXWL1EC7
2022-06-CENSUS-0000183614,FYSQANNLYGK1,2022,2022-12-06,JKY1FCYJL679
2022-06-CENSUS-0000048517,V913TCT2SFZ9,2022,2022-12-19,GGB3DK5KGF46
2022-06-CENSUS-0000071969,GYWALVLRL7U9,2022,2022-12-08,PX54Q74ZAFR3
2022-06-CENSUS-0000071969,GYWALVLRL7U9,2022,2022-12-08,NK6DKZFYUF32
2022-06-CENSUS-0000176037,NJ2LM9KK2316,2022,2022-12-18,GNZMEYCB22K6
2022-06-CENSUS-0000171465,NSLJNH8ZE7Y8,2022,2022-11-20,NAUDB4MNN9E6
2022-06-CENSUS-0000128565,D529MMWMNHW3,2022,2022-12-20,YLMUFAJEZPP6
2022-06-CENSUS-0000128565,D529MMWMNHW3,2022,2022-12-20,SCSHJF2HHYL5
2022-06-CENSUS-0000128565,D529MMWMNHW3,2022,2022-12-20,QCHAAFBGRN23
2022-06-CENSUS-0000128565,D529MMWMNHW3,2022,2022-12-20,DN7RRGGMEMN5
2022-06-CENSUS-0000128565,D529MMWMNHW3,2022,2022-12-20,M9TCHXR3F9M1
2022-06-CENSUS-0000176050,ZNTTNLCC5NL1,2022,2022-11-28,GNMNNG7PDF28
2022-06-CENSUS-0000176050,ZNTTNLCC5NL1,2022,2022-11-28,G3WLJ81YCMJ4
2022-06-CENSUS-0000176050,ZNTTNLCC5NL1,2022,2022-11-28,WBK9D28VFJU7
2022-06-CENSUS-0000176050,ZNTTNLCC5NL1,2022,2022-11-28,GNGZHXKJA6H7
2022-06-CENSUS-0000176050,ZNTTNLCC5NL1,2022,2022-11-28,EFTKS7KKCEC5
2022-06-CENSUS-0000246684,PQ7XUMZ97JK7,2022,2022-12-28,P726GN5DWRK7
2022-06-CENSUS-0000246684,PQ7XUMZ97JK7,2022,2022-12-28,U212NL517KE3
2022-06-CENSUS-0000246684,PQ7XUMZ97JK7,2022,2022-12-28,WBVXM5YB77G5
2022-06-CENSUS-0000246684,PQ7XUMZ97JK7,2022,2022-12-28,DFLJPTK4KXD5
2022-06-CENSUS-0000246684,PQ7XUMZ97JK7,2022,2022-12-28,Y1QUGEZX13B4
2022-06-CENSUS-0000246684,PQ7XUMZ97JK7,2022,2022-12-28,PXGCGTAFRGJ1
2022-06-CENSUS-0000176100,JPP5WK1AP1H3,2022,2022-12-18,CZMYNMS6Q679
2022-06-CENSUS-0000240358,GNMQN1NT9ZD3,2022,2022-12-13,PZ2NXZN5KGR9
2022-06-CENSUS-0000036791,K5HRT12ZCCJ5,2022,2022-12-27,KTTJCNKUA7H6
2022-06-CENSUS-0000020957,TQTGW9DTTLN6,2022,2022-12-21,DVH2YD826TN4
2022-06-CENSUS-0000020957,TQTGW9DTTLN6,2022,2022-12-21,K6QMXWL7WNP5
2022-06-CENSUS-0000020957,TQTGW9DTTLN6,2022,2022-12-21,PF3MJKJUQG79
2022-06-CENSUS-0000020957,TQTGW9DTTLN6,2022,2022-12-21,TXEYCJY4RTU7
2022-06-CENSUS-0000020957,TQTGW9DTTLN6,2022,2022-12-21,YSXYGLM2XX28
2022-06-CENSUS-0000256006,K2KBW9YM3AY1,2022,2022-11-20,L5N3NFSH1JB3
2022-06-CENSUS-0000256006,K2KBW9YM3AY1,2022,2022-11-20,FLSLFEYEWJW3
2022-06-CENSUS-0000256006,K2KBW9YM3AY1,2022,2022-11-20,NZJTUUK6GQG9
2022-06-CENSUS-0000218384,RSS6JEMLHV29,2022,2022-12-11,NTEKU95XXLN4
2022-06-CENSUS-0000171387,T3F1K5ELSF19,2022,2022-12-27,MJLYDNAD59V7
2022-05-CENSUS-0000002626,ZH25BC2S2GM9,2022,2022-10-27,LD3WUVEUK2N5
2022-05-CENSUS-0000002626,ZH25BC2S2GM9,2022,2022-10-27,N69LLVNLD5F1
2022-06-CENSUS-0000015445,DDCMMXZ95TQ5,2022,2022-12-05,FLX1BGM2V3V7
2022-06-CENSUS-0000015445,DDCMMXZ95TQ5,2022,2022-12-05,PFJPWQMCLSC3
2022-06-CENSUS-0000015445,DDCMMXZ95TQ5,2022,2022-12-05,RZBMKCDW36Q8
2022-06-CENSUS-0000015445,DDCMMXZ95TQ5,2022,2022-12-05,GKJURMN3S3W9
2022-06-CENSUS-0000015445,DDCMMXZ95TQ5,2022,2022-12-05,YK7RAYRE29T6
2022-06-CENSUS-0000171361,NJMBT82MLMJ6,2022,2022-12-01,L66WMLD9TKZ3
2022-03-CENSUS-0000139744,N7XLYHWA1V79,2022,2022-12-26,QZHTUEMP5H29
2022-06-CENSUS-0000030453,XZ9ZFLCMJAM1,2022,2022-12-15,BGCSTPU3Y665
2022-06-CENSUS-0000030453,XZ9ZFLCMJAM1,2022,2022-12-15,F9GPB4LLRS89
2022-06-CENSUS-0000030453,XZ9ZFLCMJAM1,2022,2022-12-15,NL76ZBPDL7F3
2022-06-CENSUS-0000245645,MSUAVF9L5P78,2022,2022-12-21,ESKZMHHYCCR9
2022-03-CENSUS-0000218279,JLPNDP22H6K4,2022,2022-12-22,JBNFD4YKACZ2
2022-06-CENSUS-0000116400,LBDSJ1GSKJY1,2022,2022-12-14,KKPJZVJ5R1F7
2022-03-CENSUS-0000017274,HFLLN95HJT19,2022,2022-11-14,TYVNMW8FNQQ3
2022-03-CENSUS-0000017274,HFLLN95HJT19,2022,2022-11-14,LKEPMM3KKF27
2022-03-CENSUS-0000017274,HFLLN95HJT19,2022,2022-11-14,KZEDWKPHGLF3
2022-03-CENSUS-0000017274,HFLLN95HJT19,2022,2022-11-14,KBLYSEQE56J5
2022-03-CENSUS-0000017274,HFLLN95HJT19,2022,2022-11-14,GM1LNDLMJ3N6
2022-03-CENSUS-0000017274,HFLLN95HJT19,2022,2022-11-14,EAL3QNJK3CB9
2022-06-CENSUS-0000176110,F8WGYAGJY4J4,2022,2022-12-15,GB7CEP411J67
2022-06-CENSUS-0000146518,HWWLYAH86HD8,2022,2022-12-28,JFQBTFFJJ3N6
2022-06-CENSUS-0000146518,HWWLYAH86HD8,2022,2022-12-28,JQANXUDCQP69
2022-06-CENSUS-0000249808,ZFLHJPLBGEN1,2022,2022-12-07,KYQ8XM9RCET5
2022-06-CENSUS-0000249808,ZFLHJPLBGEN1,2022,2022-12-07,E8TPFZMLGHV4
2022-06-CENSUS-0000249808,ZFLHJPLBGEN1,2022,2022-12-07,ZAB5WAZMR669
2022-04-CENSUS-0000256304,VEX3NHZ54HJ4,2022,2022-12-14,PDKYEL278S27
2022-06-CENSUS-0000080750,ZYBAZZ3ZEN44,2022,2022-12-11,G1MBC8ULC6K6
2022-06-CENSUS-0000080750,ZYBAZZ3ZEN44,2022,2022-12-11,LMWMGK3JAYC4
2022-06-CENSUS-0000080750,ZYBAZZ3ZEN44,2022,2022-12-11,Q1RLU5KEG2Y9
2022-06-CENSUS-0000217981,QC36DTN39BH7,2022,2022-12-14,F8DDWQMF53L6
2022-06-CENSUS-0000250293,L173ZXUGN9C3,2022,2022-12-19,D99FAFMCQNN5
2022-06-CENSUS-0000250293,L173ZXUGN9C3,2022,2022-12-19,VMQQT5GKRYB6
2022-06-CENSUS-0000254078,KYSEBY3LV4G9,2022,2022-12-12,EUCHKJUMM6J4
2022-06-CENSUS-0000254078,KYSEBY3LV4G9,2022,2022-12-12,V8EWHWCP9D66
2022-06-CENSUS-0000254078,KYSEBY3LV4G9,2022,2022-12-12,M18ZKENMW4T7
2022-06-CENSUS-0000181811,UUDLHAACMHR1,2022,2022-12-21,HHPLU33ZXNS9
2022-06-CENSUS-0000181811,UUDLHAACMHR1,2022,2022-12-21,TSMUJ3N1LGJ9
2022-06-CENSUS-0000181811,UUDLHAACMHR1,2022,2022-12-21,CRXKBFWSJDK3
2022-06-CENSUS-0000181811,UUDLHAACMHR1,2022,2022-12-21,L945ECWE28V8
2022-06-CENSUS-0000181811,UUDLHAACMHR1,2022,2022-12-21,WBHUMRJWEJT6
2022-06-CENSUS-0000181811,UUDLHAACMHR1,2022,2022-12-21,VALJG8SLFMC8
2022-06-CENSUS-0000181811,UUDLHAACMHR1,2022,2022-12-21,W68KBT5Z2Y67
2022-06-CENSUS-0000181811,UUDLHAACMHR1,2022,2022-12-21,JP7CHRJW2HJ7
2022-06-CENSUS-0000181811,UUDLHAACMHR1,2022,2022-12-21,UV1TE6M23VC7
2022-06-CENSUS-0000181811,UUDLHAACMHR1,2022,2022-12-21,L38CDGPSRA54
2022-06-CENSUS-0000181811,UUDLHAACMHR1,2022,2022-12-21,EGFCMV8N2CB8
2022-06-CENSUS-0000181811,UUDLHAACMHR1,2022,2022-12-21,SKBPY3CHMJB6
2022-06-CENSUS-0000181811,UUDLHAACMHR1,2022,2022-12-21,Z1VAZEJQZW76
2022-06-CENSUS-0000181811,UUDLHAACMHR1,2022,2022-12-21,FXVDKXSKPEB5
2022-06-CENSUS-0000181811,UUDLHAACMHR1,2022,2022-12-21,SKGBQYEDT8X4
2022-06-CENSUS-0000181811,UUDLHAACMHR1,2022,2022-12-21,KMGJR8UXL639
2022-06-CENSUS-0000181811,UUDLHAACMHR1,2022,2022-12-21,CX5LGBFSTRF8
2022-06-CENSUS-0000181811,UUDLHAACMHR1,2022,2022-12-21,WLPCD1ZJB7X3
2022-06-CENSUS-0000181811,UUDLHAACMHR1,2022,2022-12-21,N4KTE7DD7XM5
2022-06-CENSUS-0000181811,UUDLHAACMHR1,2022,2022-12-21,L464NUZNLB93
2022-06-CENSUS-0000181811,UUDLHAACMHR1,2022,2022-12-21,FGY8JSFLRCP7
2022-06-CENSUS-0000181811,UUDLHAACMHR1,2022,2022-12-21,NNNDP8GXDD75
2022-06-CENSUS-0000181811,UUDLHAACMHR1,2022,2022-12-21,LJSMJEMUJVQ7
2022-06-CENSUS-0000181811,UUDLHAACMHR1,2022,2022-12-21,W2KFHVJG3AN7
2022-06-CENSUS-0000002190,WL9FLBRVPJJ7,2022,2022-11-29,C1F5LNUF7W86
2022-06-CENSUS-0000002190,WL9FLBRVPJJ7,2022,2022-11-29,DFMCQLDZHGB1
2022-06-CENSUS-0000002190,WL9FLBRVPJJ7,2022,2022-11-29,STMDM28JMJ87
2022-06-CENSUS-0000002190,WL9FLBRVPJJ7,2022,2022-11-29,V5BVCPJ3LG47
2022-06-CENSUS-0000251786,VXHHXYLM8MS4,2022,2022-11-29,CLCNDRKEQNV5
2022-06-CENSUS-0000251786,VXHHXYLM8MS4,2022,2022-11-29,VJ57RGLMUTX5
2022-06-CENSUS-0000251786,VXHHXYLM8MS4,2022,2022-11-29,GDU7X4H2MA24
2022-06-CENSUS-0000251786,VXHHXYLM8MS4,2022,2022-11-29,EXB1EMC8NV25
2022-06-CENSUS-0000251786,VXHHXYLM8MS4,2022,2022-11-29,WL5FT9EL57Q3
2022-06-CENSUS-0000251784,YT19T1G9SSK8,2022,2022-11-29,CWZPDSAVDPF3
2022-06-CENSUS-0000251784,YT19T1G9SSK8,2022,2022-11-29,VJGJMNJ1J5B3
2022-06-CENSUS-0000251784,YT19T1G9SSK8,2022,2022-11-29,NJ5RR9QR9BA7
2022-06-CENSUS-0000251784,YT19T1G9SSK8,2022,2022-11-29,VJPYLMA7LBM9
2022-06-CENSUS-0000251784,YT19T1G9SSK8,2022,2022-11-29,VJSGRY6SJUM7
2022-06-CENSUS-0000251784,YT19T1G9SSK8,2022,2022-11-29,LQZ7SQTYL983
2022-06-CENSUS-0000251784,YT19T1G9SSK8,2022,2022-11-29,JK31GALUQNL3
2022-06-CENSUS-0000251784,YT19T1G9SSK8,2022,2022-11-29,PKYMCNZ5RW15
2022-06-CENSUS-0000251784,YT19T1G9SSK8,2022,2022-11-29,DZ65JF9ZBY13
2022-06-CENSUS-0000251784,YT19T1G9SSK8,2022,2022-11-29,QHEEUKKDWFJ3
2022-06-CENSUS-0000251784,YT19T1G9SSK8,2022,2022-11-29,VQMRTKNJWAH3
2022-06-CENSUS-0000251784,YT19T1G9SSK8,2022,2022-11-29,QKP1WLUP6TS7
2022-06-CENSUS-0000251784,YT19T1G9SSK8,2022,2022-11-29,VSV1EEDZQPF5
2022-06-CENSUS-0000251784,YT19T1G9SSK8,2022,2022-11-29,S4TNK7T29941
2022-06-CENSUS-0000251784,YT19T1G9SSK8,2022,2022-11-29,KHSBTVJDMGC5
2022-06-CENSUS-0000251784,YT19T1G9SSK8,2022,2022-11-29,VXMQAM8DNRF7
2022-06-CENSUS-0000251784,YT19T1G9SSK8,2022,2022-11-29,VYTQFANAYL53
2022-06-CENSUS-0000251784,YT19T1G9SSK8,2022,2022-11-29,EX3KBCPGAW55
2022-06-CENSUS-0000003354,EH8XLZA2ACN6,2022,2022-12-04,MJZWKHMW5DWK
2022-06-CENSUS-0000206141,LLVKP6XGEHD1,2022,2022-12-05,EE7CNMNCLMK3
2022-06-CENSUS-0000171360,FYPENE4ABBG6,2022,2022-12-01,EEBGL6LPGY97
2022-05-CENSUS-0000045546,UFXAYCTDNL73,2022,2022-11-28,EAK5LBRTD713
2022-06-CENSUS-0000239518,FQ1GU6LYGDT3,2022,2022-11-21,NC9THPU56UG3
2022-06-CENSUS-0000035809,U3NKNFLNQ613,2022,2022-10-17,L8FSVHABR8W4
2022-06-CENSUS-0000176091,VFNCUFKSS811,2022,2022-12-26,LN5BP2AWNE18
2022-06-CENSUS-0000154885,UXMZXKLPV9M2,2022,2022-12-21,NHF2BSXNCCK9
2022-06-CENSUS-0000154885,UXMZXKLPV9M2,2022,2022-12-21,FXG7YJB55WB7
2022-06-CENSUS-0000154885,UXMZXKLPV9M2,2022,2022-12-21,SLLASFNXUTG3
2022-06-CENSUS-0000144018,VJ7SSXEP1M18,2022,2022-12-14,JX8RAZXNDCH4
2022-06-CENSUS-0000144018,VJ7SSXEP1M18,2022,2022-12-14,EKWJD998JWJ4
2022-06-CENSUS-0000144018,VJ7SSXEP1M18,2022,2022-12-14,TKBYA4GRP8Y8
2022-06-CENSUS-0000144018,VJ7SSXEP1M18,2022,2022-12-14,QVT6MGVUK3L3
2022-03-CENSUS-0000256432,EBQ5M7RU4RJ7,2022,2022-12-22,X63NLETUKKA1
2022-03-CENSUS-0000256432,EBQ5M7RU4RJ7,2022,2022-12-22,KTM4JPS1FD61
2022-03-CENSUS-0000256432,EBQ5M7RU4RJ7,2022,2022-12-22,DVGFECAP6653
2022-03-CENSUS-0000256432,EBQ5M7RU4RJ7,2022,2022-12-22,JYMXJMYGHSK6
2022-06-CENSUS-0000171404,ZAFGS74383N9,2022,2022-12-26,YLTVJ54LTGK1
2022-06-CENSUS-0000092060,HYMYPY96JAE8,2022,2022-10-27,DCEYSCULE7X7
2022-06-CENSUS-0000092060,HYMYPY96JAE8,2022,2022-10-27,NU5AALWV11Z6
2022-06-CENSUS-0000092060,HYMYPY96JAE8,2022,2022-10-27,L89FV7BRQJY3
2022-06-CENSUS-0000092060,HYMYPY96JAE8,2022,2022-10-27,CT7CPQA7CJC5
2022-06-CENSUS-0000092060,HYMYPY96JAE8,2022,2022-10-27,E6GWE2NG7CY8
2022-06-CENSUS-0000092060,HYMYPY96JAE8,2022,2022-10-27,K6JJDKBAGT89
2022-06-CENSUS-0000092060,HYMYPY96JAE8,2022,2022-10-27,TFE9BB9UAZ75
2022-06-CENSUS-0000092060,HYMYPY96JAE8,2022,2022-10-27,PY5THQG76666
2022-06-CENSUS-0000092060,HYMYPY96JAE8,2022,2022-10-27,RNYRNVXLDQ24
2022-06-CENSUS-0000092060,HYMYPY96JAE8,2022,2022-10-27,NP1UZLG5JC68
2022-06-CENSUS-0000092060,HYMYPY96JAE8,2022,2022-10-27,KECJL5AAZLM4
2022-06-CENSUS-0000092060,HYMYPY96JAE8,2022,2022-10-27,V986NQU61JV5
2022-06-CENSUS-0000092060,HYMYPY96JAE8,2022,2022-10-27,DMMRJ8HSGMY3
2022-06-CENSUS-0000092060,HYMYPY96JAE8,2022,2022-10-27,UBFLKZ6TLGP3
2022-06-CENSUS-0000092060,HYMYPY96JAE8,2022,2022-10-27,HYYAFRTVCNM4
2022-06-CENSUS-0000092060,HYMYPY96JAE8,2022,2022-10-27,L87NVSGNFED8
2022-06-CENSUS-0000003569,HQ3EN27J3K21,2022,2022-11-16,XSJLFMHF74R9
2022-06-CENSUS-0000003569,HQ3EN27J3K21,2022,2022-11-16,M2K2GJ97KZ74
2022-03-CENSUS-0000034760,NC4DNBA2CMB4,2022,2022-12-19,LBWAC6D182N9
2022-03-CENSUS-0000034760,NC4DNBA2CMB4,2022,2022-12-19,KMYTNKF8MAF9
2022-06-CENSUS-0000061130,ZTXJXKXGF5S3,2022,2022-12-15,MKJ6RBLHG871
2022-06-CENSUS-0000198400,JSLSBL82VMR3,2022,2022-11-21,N1DTLJ9RTM77
2022-06-CENSUS-0000198400,JSLSBL82VMR3,2022,2022-11-21,EZREUC6GQ1M6
2022-06-CENSUS-0000220281,MNLYMC4ZDV15,2022,2022-12-15,U75DPBJJ2EA7
2022-03-CENSUS-0000091992,SG71HEA776D9,2022,2022-10-12,GPQ2K36AJHG3
2022-06-CENSUS-0000243632,RHXNSHSLYC57,2022,2022-11-16,KN1YGHNG41L7
2022-06-CENSUS-0000243632,RHXNSHSLYC57,2022,2022-11-16,Z8CLJDMDV6U7
2022-06-CENSUS-0000227143,XDVBM3S2A856,2022,2022-12-06,M6ECUVJCVNW8
2022-06-CENSUS-0000097749,MFHDCPJM8394,2022,2022-12-04,H7BAH8ELBCE4
2022-06-CENSUS-0000097749,MFHDCPJM8394,2022,2022-12-04,H7U9DGLE12J3
2022-06-CENSUS-0000145872,QUKNKLZ4N889,2022,2022-12-07,H1HYA8Z1NTM5
2022-06-CENSUS-0000145872,QUKNKLZ4N889,2022,2022-12-07,MGKZDJY689V9
2022-06-CENSUS-0000145872,QUKNKLZ4N889,2022,2022-12-07,VNZ7HGE5KKC7
2022-06-CENSUS-0000145872,QUKNKLZ4N889,2022,2022-12-07,VEE5GEMLHHJ8
2022-06-CENSUS-0000145872,QUKNKLZ4N889,2022,2022-12-07,JWCSGNNZUZD1
2022-06-CENSUS-0000242024,L8GCDNCM6AN7,2022,2022-11-08,NV1PCHD16229
2022-06-CENSUS-0000242024,L8GCDNCM6AN7,2022,2022-11-08,KULXATEYSKX5
2022-06-CENSUS-0000242024,L8GCDNCM6AN7,2022,2022-11-08,DGNGKLCF5T75
2022-06-CENSUS-0000192726,F8LNWE8JTWK5,2022,2022-12-14,H1D5TXDJ7T39
2022-06-CENSUS-0000192726,F8LNWE8JTWK5,2022,2022-12-14,FJJLSUNJTCR3
2022-06-CENSUS-0000192726,F8LNWE8JTWK5,2022,2022-12-14,CW6LY9KYNYZ9
2022-04-CENSUS-0000255690,TBZGU3FJLHC3,2022,2022-10-19,C1FFRZV8BC21
2022-06-CENSUS-0000174740,LKPRMH6LDF46,2022,2022-11-03,QRMXGFD5JEE9
2022-06-CENSUS-0000176058,W2ZUFMBDM378,2022,2022-12-07,P326BBJU66M3
2022-06-CENSUS-0000176058,W2ZUFMBDM378,2022,2022-12-07,H667MKQCNG53
2022-06-CENSUS-0000176058,W2ZUFMBDM378,2022,2022-12-07,N92TLMNFZDQ6
2022-06-CENSUS-0000002919,FUT2E1NXJ2F6,2022,2022-12-20,T43NJNBGE4V9
2022-06-CENSUS-0000002919,FUT2E1NXJ2F6,2022,2022-12-20,KFJBQ86PDE16
2022-06-CENSUS-0000002919,FUT2E1NXJ2F6,2022,2022-12-20,XN9QHM1JN5M3
2022-06-CENSUS-0000002919,FUT2E1NXJ2F6,2022,2022-12-20,M7JDR1NU9PD7
2022-06-CENSUS-0000181450,Z2RUETN8LLM4,2022,2022-11-27,MDNXGC7FNMY8
2022-03-CENSUS-0000256373,C691JDUN99Y7,2022,2022-12-18,GVEMBYN4M4C5
2022-03-CENSUS-0000042847,ZV9NPUT494D3,2022,2022-12-20,YMS8CXPNG7D6
2022-03-CENSUS-0000042847,ZV9NPUT494D3,2022,2022-12-20,VG5LGPBU9VR9
2022-06-CENSUS-0000171463,LAPRCB3THXR5,2022,2022-12-15,XC2MNT5TV9A5
2022-06-CENSUS-0000171463,LAPRCB3THXR5,2022,2022-12-15,PFLSLJ6GK5K4
2022-06-CENSUS-0000171463,LAPRCB3THXR5,2022,2022-12-15,ME5GNKHA9R86
2022-06-CENSUS-0000221064,UEYKTPWSV9Q9,2022,2022-11-06,ZDU8KCUE4DK8
2022-06-CENSUS-0000242183,Y1RGAV5S2EN7,2022,2022-12-21,NG8CKAJ2BCY9
2022-06-CENSUS-0000090373,YMDTWM21RUB6,2022,2022-11-03,QMELCHDN4XC1
2022-06-CENSUS-0000237871,QVKYA9MQ5P24,2022,2022-12-15,S139JALN6N45
2022-03-CENSUS-0000017262,G9H6SUM59YC4,2022,2022-11-12,LQK1DD1EYZK9
2022-03-CENSUS-0000017262,G9H6SUM59YC4,2022,2022-11-12,WJ37AD42G8A5
2022-03-CENSUS-0000017262,G9H6SUM59YC4,2022,2022-11-12,JH3AAWA12273
2022-03-CENSUS-0000017262,G9H6SUM59YC4,2022,2022-11-12,JCK2VGG2PR51
2022-03-CENSUS-0000017262,G9H6SUM59YC4,2022,2022-11-12,GCKPMNH8D854
2022-03-CENSUS-0000017262,G9H6SUM59YC4,2022,2022-11-12,YDWAYVVQHNK5
2022-06-CENSUS-0000220444,MNLYMC4ZDV15,2022,2022-12-15,U75DPBJJ2EA7
2022-06-CENSUS-0000068359,HU5ML62NVDK5,2022,2022-10-19,EYWDHLJ5JKJ1
2022-06-CENSUS-0000152992,VMKPNYHAL941,2022,2022-12-20,DMFJL5LWA8L4
2022-06-CENSUS-0000152992,VMKPNYHAL941,2022,2022-12-20,EJ3WQHLQBMG5
2022-06-CENSUS-0000141358,L3EXK4J98JQ1,2022,2022-12-21,GKV2XVHF4P77
2022-06-CENSUS-0000141358,L3EXK4J98JQ1,2022,2022-12-21,X7WCHRYHLSZ7
2022-06-CENSUS-0000141358,L3EXK4J98JQ1,2022,2022-12-21,F3ACTE3UL6N9
2022-06-CENSUS-0000141358,L3EXK4J98JQ1,2022,2022-12-21,CZADHND4M5B1
2022-06-CENSUS-0000141358,L3EXK4J98JQ1,2022,2022-12-21,D5J7RE1JDLX3
2022-06-CENSUS-0000141358,L3EXK4J98JQ1,2022,2022-12-21,HZQVGVJCXMQ7
2022-06-CENSUS-0000165029,P9X1LJJJU7V3,2022,2022-12-28,LD9PKNTH2A98
2022-03-CENSUS-0000220268,UJCJBNYNJMK6,2022,2022-10-26,V77CALRY8E98
2022-03-CENSUS-0000220268,UJCJBNYNJMK6,2022,2022-10-26,ET6FML2DCY43
2022-06-CENSUS-0000245223,YFVVJ5MCQ4U3,2022,2022-10-17,NJWKWGVY9898
2022-06-CENSUS-0000182554,Z1HHXXPH4E97,2022,2022-10-27,VCNCDWGAR9H6
2022-06-CENSUS-0000002428,M1XBHNXHBHC7,2022,2022-11-01,HPSTBBY2N3K9
2022-03-CENSUS-0000255873,NU2BSY7YSFS9,2022,2022-11-07,Q8G3LJZVFXJ4
2022-03-CENSUS-0000255873,NU2BSY7YSFS9,2022,2022-11-07,DC8VB725MPP5
2022-03-CENSUS-0000255873,NU2BSY7YSFS9,2022,2022-11-07,TGBQGANH36W7
2022-03-CENSUS-0000255873,NU2BSY7YSFS9,2022,2022-11-07,QF5ZS34ZHKF9
2022-06-CENSUS-0000176283,C5ERCU2EWKJ8,2022,2022-12-20,CGHGC656KNR9
2022-06-CENSUS-0000110766,MBT9RXJJ7428,2022,2022-11-15,N1UBCLRAPNG6
2022-06-CENSUS-0000110766,MBT9RXJJ7428,2022,2022-11-15,QUF6D3M4P2G1
