report_id,auditee_uei,audit_year,fac_accepted_date,auditor_ein,auditor_name,contact_name,contact_title,contact_email,contact_phone,address_street,address_city,address_state,address_zipcode
2023-04-GSAFAC-0000000558,CM6ZXKDCWEJ7,2023,2023-10-13,800574838,RSM US LLP,Carlos Hernandez,Audit Partner,CARLOS.HERNANDEZ@RSMUS.COM,3055694198,801 BRICKELL AVE,Miami,FL,33131
2023-06-GSAFAC-0000000187,ZGJNPWCWXYK3,2023,2023-10-03,200694403,UHY LLP,Jennifer Campbell,Accounting Manager,jennifercampbell@uhy-us.com,5153841456,4200 University Ave,West Des Moines,IA,50266
2022-12-GSAFAC-0000003311,HN31LH3BAL58,2022,2023-10-23,450250958,Eide Bailly LLP,Nick Crank,"Partner, CPA",ncrank@eidebailly.com,6053676735,200 East 10th Street Suite 500,Sioux Falls,SD,571175125
2021-06-GSAFAC-0000000842,XK61UX93R3C8,2021,2023-10-24,736017987,Oklahoma State Auditors and Inspectors,Marla Latham,Manager,mlatham@sai.ok.gov,4057131833,217 N. Harvey Room 209,Oklahoma City,OK,73102
2021-06-GSAFAC-0000000842,XK61UX93R3C8,2021,2023-10-24,736017987,Oklahoma State Auditors and Inspectors,Brenda Grimsley,Supervisor,bgrimsley@sai.ok.gov,4057132285,217 N. Harvey Room 209,Oklahoma City,OK,73102
2021-06-GSAFAC-0000000842,XK61UX93R3C8,2021,2023-10-24,736017987,Oklahoma State Auditors and Inspectors,Dorinda Gentry,Supervisor,dgentry@sai.ok.gov,5807721312,217 N. Harvey Room 209,Oklahoma City,OK,73102
2021-06-GSAFAC-0000000842,XK61UX93R3C8,2021,2023-10-24,736017987,Oklahoma State Auditors and Inspectors,Ashlie Bowman,Auditor,abowman@sai.ok.gov,5807721312,217 N. Harvey Room 209,Oklahoma City,OK,73102
2021-06-GSAFAC-0000000842,XK61UX93R3C8,2021,2023-10-24,736017987,Oklahoma State Auditors and Inspectors,Cameron Thornton,Auditor,cthornton@sai.ok.gov,4057131833,217 N. Harvey Room 209,Oklahoma City,OK,73102
2022-12-GSAFAC-0000003675,KRB3VMN7KGD8,2023,2023-10-26,330738370,"PDM, LLP",VINCENT PEREZ,AUDIT STAFF,VPEREZ@PDMCPAS.COM,3105404118,"3460 TORRANCE BLVD, SUITE 200",TORRANCE,CA,90503
2023-03-GSAFAC-0000003879,Y5JCR1ZW6LX5,2023,2023-11-06,382051718,"Hyzer, Hill, Kuzak & Co., P.C.",Tammy Talaski,Partner,ttalaski_hhk@sbcglobal.net,9892699541,1242 Sand Beach Road PO Box 326,Bad Axe,MI,48413
2023-06-GSAFAC-0000002152,J1YJH39F9KT8,2023,2023-11-08,621210415,DURHAM NUNNERY POYNER & WALTERS PC,"JORDON L. BOHANNON, CPA",PARTNER,JORDONW@COMCAST.NET,9312963107,1040 WEST MAIN ST,WAVERLY,TN,37185
2023-06-GSAFAC-0000002182,JUPTW7BE56G6,2023,2023-11-09,621649263,GODWIN & ASSOCIATES,STEPHANIE GODWIN,AUDITOR,SGODWIN@GODWIN-CPA.COM,7319256547,408 MAIN ST,SAVANNAH,TN,38372
2023-06-GSAFAC-0000000223,EG7NSRM471A5,2023,2023-11-11,621717910,"Matlock Clements, PC",Andy Matlock,Partner,eric@matlockclements.com,6159071881,"270 Glenis Drive, Suite A",Murfreesboro,TN,37129
2023-06-GSAFAC-0000001071,CSZYVL6A5DL6,2023,2023-11-12,420714325,RSM,Jeff Slade,Senior Manager,jeffrey.slade@rsmus.com,3126344759,"30 S Wacker Dr, Suite 3300",Chicago,IL,60606
2023-06-GSAFAC-0000001127,Q3PFKFX2R5Z6,2023,2023-11-14,420714325,RSM,Jeff Slade,Senior Manager,jeffrey.slade@rsmus.com,3126344759,"30 S Wacker Dr, Suite 3300",Chicago,IL,60606
2023-06-GSAFAC-0000000402,NJMBT82MLMJ6,2023,2023-11-17,621717910,"Matlock Clements, OC",Andy Matlock,Partner,eric@matlockclements.com,6159071881,270 Glenis Drive Suite A,Murfreesboro,TN,37129
2022-12-GSAFAC-0000004282,HDJWT41SNR83,2022,2023-11-20,390589910,Baker Tilly LLP,Paul Frantz,Partner,PAUL.FRANTZ@BAKERTILLY.COM,4147775506,"777 E Wisconsin Avenue, 32nd Floor",Milwaukee,WI,53202
2023-06-GSAFAC-0000002195,QYDBS421XG83,2023,2023-11-22,621110839,"ALEXANDER THOMPSON ARNOLD, PLLC",MARCIE WILLIAMS,PARTNER,MWILLIAMS@ATACPT.NET,7314278571,227 OIL WELL RD,JACKSON,TN,38305
2023-06-GSAFAC-0000006421,KF9RKTUKCHH9,2023,2023-11-27,200488418,"BLAIR & ASSOCIATES, P.C.",BRIAN BLAIR,SHAREHOLDER,brianblair@bandacpas.com,9708567550,105 S. E. FRONTIER AVE #A,CEDEREDGE,CO,81413
2023-06-GSAFAC-0000000023,H14YPSTJEF76,2023,2023-11-28,621483064,MITCHELL EMERT & HILL,RICHARD HILL,PARTNER,RICHARDHILL@MEHCPA.COM,8655222396,416 ERIN DRIVE,KNOXVILLE,TN,37919
2023-06-GSAFAC-0000003398,FYPENE4ABBG6,2023,2023-11-28,621483064,"MITCHELL, EMERT, AND HILL",RICHARD W. HILL,DIRECTOR,RICHARDHILL@MEHCPA.COM,8655222396,416 ERIN DRIVE,KNOXVILLE,TN,37919
2023-04-GSAFAC-0000007883,DDCPKHUG8KU5,2023,2023-11-30,721438215,"CAMERON, HINES & COMPANY",JOHN CAMERON,PARTNER,JCAMERON@CHCCPAS.COM,3183231717,104 REGENCY PLACE,WEST MONROE,LA,71291
2023-06-GSAFAC-0000000379,NKLTLLKC6WE7,2023,2023-12-01,621206753,"HG&A ASSOCIATES, P.C.",TIM ROYSTER,AUDIT DIRECTOR,TROYSTER@HGA-CPA.COM,8656918000,6504 DEANE HILL DRIVE,KNOXVILLE,TN,37919
2023-06-GSAFAC-0000000450,HH76FR98KWB8,2023,2023-12-01,621483064,"MITCHELL, EMERT, & HILL",RICHARD W. HILL,DIRECTOR,RICHARDHILL@MEHCPA.COM,8655222396,416 ERIN DRIVE,KNOXVILLE,TN,37919
2023-06-GSAFAC-0000000841,TCWWZ6RW7NL8,2023,2023-12-04,208032022,"Housholder Artman, PLLC",Lana Breece,Certified Public Accountant,lbreece@haa-cpa.com,9314554248,115 N Jackson Street,Tullahoma,TN,37388
2023-06-GSAFAC-0000006632,KJ5QVM5VATN5,2023,2023-12-04,621206753,"HG&A Associates, P.C.",Tim Royster,Audit Director,troyster@hga-cpa.com,8656918000,P.O. Box 50846,Knoxville,TN,379500846
2023-06-GSAFAC-0000008866,XU4CMJP9GMB9,2023,2023-12-04,840628988,"MCPHERSON, GOODRICH, PAOLUCCI & MIHELICH, PC",TODD MIHELICH,SHAREHOLDER,TODD@CPAPUEBLO.COM,7195430516,"503 N MAIN ST, SUITE 740",PUEBLO,CO,81003
2022-12-GSAFAC-0000006076,YLACED3H7UG7,2022,2023-12-07,410746749,"CliftonLarsonAllen, LLP",Jeremy Wadley,Senior Associate,jeremy.wadley@claconnect.com,7153777605,"3402 Oakwood Mall Drive, Suite 100",Eau Claire,WI,54701
2023-06-GSAFAC-0000001743,T3F1K5ELSF19,2023,2023-12-08,621483064,"MITCHELL, EMERT & HILL",RICHARD W. HILL,DIRECTOR,RICHARDHILL@MEHCPA.COM,8655222396,416 ERIN DRIVE,KNOXVILLE,TN,37919
2023-06-GSAFAC-0000000209,EZBNAKLDJ8A6,2023,2023-12-12,621355195,Albert Dicus CPA,Albert Dicus,Owner,BUDDY@BUDDYDICUSCPA.COM,931-836-2205,P. O. Box 176,Sparta,TN,38583
2023-06-GSAFAC-0000000554,ZAFGS74383N9,2023,2023-12-12,621516392,"LEWIS & ASSOCIATES, PC",THOMAS WAYNE TURBYFIELD,AUDIT PARTNER,WAYNET@LEWISCPAS.COM,4239265138,136 PRINCETON ROAD,JOHNSON CITY,TN,37601
2023-06-GSAFAC-0000009391,USYNSCKKYNS5,2023,2023-12-12,830320414,"Leo Riley & Co., CPA’s",Sophia Zhang,CPA,sophiaz@lrileyco.com,3073653800,141 S Center St Suite 200,Casper,WY,82601
2023-06-GSAFAC-0000009380,J1CGWXZ35HD3,2023,2023-12-12,830320414,"Leo Riley & Co., CPA’s",Sophia Zhang,CPA,sophiaz@lrileyco.com,3072653800,"141 S Center St., Suite 200",Casper,WY,82601
2023-06-GSAFAC-0000001983,J5JETRML8615,2023,2023-12-12,621649263,GODWIN AND ASSOCIATES PLLC,BETHANY HOWELL,AUDITOR,BGODWIN@GODWIN-CPA.COM,7319256547,408 MAIN STREET,SAVANNAH,TN,38372
2023-06-GSAFAC-0000001428,EDNLESER7JJ7,2023,2023-12-13,621039882,"WHITEHORN TANKERSLEY AND DAVIS, PLLC","JEFFREY HUNTER, CPA",MEMBER,JEFF@WTDCPA.COM,9014768275,110 EAST PLEASANT AVENUE,COVINGTON,TN,38019
2023-06-GSAFAC-0000000352,K8CTCDACL9F8,2023,2023-12-13,621110839,Alexander Thompson Arnold PLLE,Mark Downing,Senior Associate,mdowning@atacpa.com,7312857900,185 North Church Avenue,Dyersburg,TN,38024
2023-08-GSAFAC-0000010298,CYELSHLL4AL9,2023,2023-12-13,840628988,"MCPHERSON, GOODRICH, PAOLUCCI & MIHELICH, PC",TODD MIHELICH,SHAREHOLDER,TODD@CPAPUEBLO.COM,7195430516,"503 N MAIN ST, SUITE 740",PUEBLO,CO,81003
2023-06-GSAFAC-0000000349,K775WGAPHBM1,2023,2023-12-13,621483064,"Mitchell, Emert & Hill",Richard Hill,Director,richardhill@mejcpa.com,8655222396,416 Erin Drive,Knoxville,TN,37919
2023-06-GSAFAC-0000000885,DLADQ6661E16,2023,2023-12-15,621210415,DURHAM NUNNERY POYNER & WALTERS PC,"JORDAN L BOHANNAN, CPA",PARTNER,JORDANW@COMCAST.NET,9312963107,1040 WEST MAIN ST,WAVERLY,TN,37185
2023-06-GSAFAC-0000000545,NMPHKYJADG58,2023,2023-12-18,522412757,Tamara L. Beckman,Tamara L. Beckman,Certified Public Accountant,BECKMANCPA.TAMARA@GMAIL.COM,6153181821,103 N. 3rd St.,Smithville,TN,37166
2023-06-GSAFAC-0000006426,LJAFAXPUH9N1,2023,2023-12-19,410746749,CliftonLarsonAllen LLP,Cristina Bonilla,Sr. Assurance,cristina.bonilla@CLAconnect.com,831 759-6308,"1188 Padre Drive, Ste. 101",Salinas,CA,93901
2023-06-GSAFAC-0000006426,LJAFAXPUH9N1,2023,2023-12-19,410746749,CliftonLarsonAllen LLP,Karina Ramos,Sr. Assurance,Karina.Ramos@claconnect.com,831 759-6300,"1188 Padre Drive, Ste. 101",Salinas,CA,93901
2023-06-GSAFAC-0000006426,LJAFAXPUH9N1,2023,2023-12-19,410746749,CliftonLarsonAllen LLP,Autumn Rossi,Principal,Autumn.Rossi@claconnect.com,831 759-6326,"1188 Padre Drive, Ste. 101",Salinas,CA,93901
2023-06-GSAFAC-0000010049,KSN2A5WXD9K1,2023,2023-12-19,410746749,CliftonLarsonAllen LLP,Cristina Bonilla,Sr. Assurance,cristina.bonilla@CLAconnect.com,831 759-6308,"1188 Padre Drive, Ste. 101",Salinas,CA,93901
2023-06-GSAFAC-0000010049,KSN2A5WXD9K1,2023,2023-12-19,410746749,CliftonLarsonAllen LLP,Karina Ramos,Sr. Assurance,Karina.Ramos@claconnect.com,831 759-6300,"1188 Padre Drive, Ste. 101",Salinas,CA,93901
2023-06-GSAFAC-0000010049,KSN2A5WXD9K1,2023,2023-12-19,410746749,CliftonLarsonAllen LLP,Autumn Rossi,Principal,Autumn.Rossi@claconnect.com,831 759-6326,"1188 Padre Drive, Ste. 101",Salinas,CA,93901
2023-06-GSAFAC-0000010300,LE7JKSGUQML6,2023,2023-12-19,410746749,CliftonLarsonAllen LLP,Cristina Bonilla,Sr. Assurance,cristina.bonilla@CLAconnect.com,831 759-6308,"1188 Padre Drive, Ste. 101",Salinas,CA,93901
2023-06-GSAFAC-0000010300,LE7JKSGUQML6,2023,2023-12-19,410746749,CliftonLarsonAllen LLP,Karina Ramos,Sr. Assurance,Karina.Ramos@claconnect.com,831 759-6300,"1188 Padre Drive, Ste. 101",Salinas,CA,93901
2023-06-GSAFAC-0000010300,LE7JKSGUQML6,2023,2023-12-19,410746749,CliftonLarsonAllen LLP,Autumn Rossi,Principal,Autumn.Rossi@claconnect.com,831 759-6326,"1188 Padre Drive, Ste. 101",Salinas,CA,93901
2023-06-GSAFAC-0000010425,TDBLAGPWRLE7,2023,2023-12-19,410746749,CliftonLarsonAllen LLP,Cristina Bonilla,Sr. Assurance,cristina.bonilla@CLAconnect.com,831 759-6308,"1188 Padre Drive, Ste. 101",Salinas,CA,93901
2023-06-GSAFAC-0000010425,TDBLAGPWRLE7,2023,2023-12-19,410746749,CliftonLarsonAllen LLP,Karina Ramos,Sr. Assurance,Karina.Ramos@claconnect.com,831 759-6300,"1188 Padre Drive, Ste. 101",Salinas,CA,93901
2023-06-GSAFAC-0000010425,TDBLAGPWRLE7,2023,2023-12-19,410746749,CliftonLarsonAllen LLP,Autumn Rossi,Principal,Autumn.Rossi@claconnect.com,831 759-6326,"1188 Padre Drive, Ste. 101",Salinas,CA,93901
2023-06-GSAFAC-0000010608,YNLNNBC67R31,2023,2023-12-19,410746749,CliftonLarsonAllen LLP,Cristina Bonilla,Sr. Assurance,cristina.bonilla@CLAconnect.com,831 759-6308,"1188 Padre Drive, Ste. 101",Salinas,CA,93901
2023-06-GSAFAC-0000010608,YNLNNBC67R31,2023,2023-12-19,410746749,CliftonLarsonAllen LLP,Karina Ramos,Sr. Assurance,Karina.Ramos@claconnect.com,831 759-6300,"1188 Padre Drive, Ste. 101",Salinas,CA,93901
2023-06-GSAFAC-0000010608,YNLNNBC67R31,2023,2023-12-19,410746749,CliftonLarsonAllen LLP,Autumn Rossi,Principal,Autumn.Rossi@claconnect.com,831 759-6326,"1188 Padre Drive, Ste. 101",Salinas,CA,93901
2023-06-GSAFAC-0000002620,QPYDRFVHLLT4,2023,2023-12-20,621690032,"RODEFER, MOSS & CO, PLLC",CURTIS MORRISON,PARTNER,CMORRISON@RODEFERMOSS.ORG,4236388144,"129 WEST DEPOT STREET, SUITE 1",GREENEVILLE,TN,37443
2023-06-GSAFAC-0000003700,MYX9B6NDMS25,2023,2023-12-20,275360847,"CROSSLIN, PLLC",JENNIFER MANTERNACH,AUDIT MANAGER,JENNIFER.MANTERNACH@CROSSLINPC.COM,6153205500,3803 BEDFORD AVENUE,NASHVILLE,TN,37215
2023-06-GSAFAC-0000001479,LGCMDD6KKBT8,2023,2023-12-20,621446205,"DAVID A. KIDD, CPA",DAVID KIDD,CPA,DAVID@DAVIDKIDDCPA.COM,9314330128,115 MAIN AVE. N.,FAYETTEVILLE,TN,37334
2022-06-GSAFAC-0000010948,E5ARSPNBRNT7,2022,2023-12-20,431947695,Mayer Hoffman McCann P.C.,"David G. Miller, Jr.",Shareholder,dmiller@cbiz.com,6022646835,"4722 N. 24th St., Ste. 300",Phoenix,AZ,85016
2022-06-GSAFAC-0000010948,E5ARSPNBRNT7,2022,2023-12-20,410746749,CliftonLarsonAllenLLP,"Jean Marie Dietrich, CPA",Signing Director,Jean.Dietrich@claconnect.com,6026043550,"20 E. Thomas Rd., Ste. 2300",Phoenix,AZ,85012
2022-06-GSAFAC-0000010948,E5ARSPNBRNT7,2022,2023-12-20,410746749,CliftonLarsonAllenLLP,Sandra Cronstrom,Principal,sandy.cronstrom@claconnect.com,6026043610,"20 E. Thomas Rd., Ste. 2300",Phoenix,AZ,85012
2023-06-GSAFAC-0000004413,NXM1VK9NQ4C5,2023,2023-12-21,621690032,"RODEFER, MOSS & CO, PLLC",CURTIS MORRISON,PARTNER,CMORRISON@RODEFERMOSS.ORG,4236388144,"129 WEST DEPOT STREET, SUITE 1",GREENEVILLE,TN,37443
2023-06-GSAFAC-0000002404,DJXMVJM16KJ3,2023,2023-12-27,522412757,"Tamara L Beckman, CPA",Tamara Beckman,CPA,beckmancpa.tamara@gmail.com,6153181821,103 N 3rd St,Smithville,TN,37166
2023-06-GSAFAC-0000012879,EGR9ZU6AQU54,2023,2023-12-28,561304727,"BLACKMAN & SLOOP, CPAS, PA",DEETRA WATSON,PRINCIPAL,DEETRA@B-SCPA.COM,919-942-8700,"1414 RALEIGH ROAD, #300",CHAPEL HILL,NC,27517
2022-06-CENSUS-0000258095,G9FJQ7ERBJ95,2022,2023-05-07,660565796,"PSV &CO., PSC.",FRANCISCO J. PERDOMO,PRESIDENT,FPERDOMO@PSVPR.COM,7877934400,PO BOX 363247,SAN JUAN,PR,00936
2022-06-CENSUS-0000171421,MUNUKPPCPLJ4,2022,2023-03-19,620811623,"STONE, RUDOLPH & HENRY",STEPHEN SPRINGER,PRINCIPAL,STEVE@SRHCPAS.COM,9316484786,124 CENTER POINTE DR #8408,CLARKSVILLE,TN,37040
2022-06-CENSUS-0000171442,KTEPTNVXM4T6,2022,2023-02-15,455624092,"JOHN R POOLE, CPA",JOHN POOLE,PRINCIPAL,JRPOOLECPA@AOL.COM,6158554177,134 NORTHLAKE DR,HENDERSONVILLE,TN,37075
2022-06-CENSUS-0000171418,NFNQYUNV3LX9,2022,2023-02-02,621717910,"MATLOCK CLEMENTS, PC",ERIC CLEMENTS,PARTNER,ERIC@MATLOCKCLEMENTS.COM,6159071881,270 GLENIS DRIVE,MURFREESBORO,TN,37129
2022-06-CENSUS-0000171418,NFNQYUNV3LX9,2022,2023-02-02,621517792,"PYA, PC",MATT STUART,AUDITOR,MSTAURT@PYAPC.COM,8656730844,2200 SUTHERLAND AVENUE,KNOXVILLE,TN,37919
2022-06-CENSUS-0000171435,XN5MF9LT3LG8,2022,2023-01-26,621483064,"MITCHELL, EMERT & HILL",RICHARD HILL,DIRECTOR,RICHARDHILL@MEHCPA.COM,8655222396,416  ERIN DRIVE,KNOXVILLE,TN,37919
2022-09-CENSUS-0000258357,JBWMSN5MU6G6,2022,2023-06-20,463640587,"GERALD G. PENTECOST, JR., CPA",GERALD PENTECOST,CPA,GERALD.PENTECOST@GGPCPA.COM,2564594310,"2331 RAINBOW DRIVE, SUITE A",GADSDEN,AL,35901
2022-06-CENSUS-0000171426,JRSQR8PAE1L3,2022,2023-03-19,621483064,"MITCHELL EMERT & HILL, P.C.",RICHARD HILL,PARTNER,RICHARDHILL@MEHCPA.COM,8655222396,416 ERIN DRIVE,KNOXVILLE,TN,37919
2022-06-CENSUS-0000221944,S3E7PRHYD5Z6,2022,2023-03-30,311413363,"BHM CPA GROUP, INC.",MICHAEL A. BALESTRA,CPA,MIKE.BALESTRA@BHMCPAGROUP.COM,3045212648,PO BOX 325,HUNTINGTON,WV,25708
2022-06-CENSUS-0000221944,S3E7PRHYD5Z6,2022,2023-03-30,550769185,"DAVID L. HOWELL, CPA",DAVID HOWELL,CPA,DAVIDHOWELLCPA@SUDDENLINK.NET,3042202319,PO BOX 458,BELLE,WV,25015
2022-06-CENSUS-0000157480,F4MHEGCJ3AX9,2022,2023-04-30,223299874,"BKC, CPAS, PC","LAURA ATWELL, CPA",MANAGER,LA@BKC-CPA.COM,9087827900,"39 STATE ROUTE 12, STE 2",FLEMINGTON,NJ,088221239
2022-06-CENSUS-0000157714,PLDSX4E3XKB1,2022,2023-04-19,223299874,"BKC, CPAS, PC","LAURA ATWELL, CPA",MANAGER,LA@BKC-CPA.COM,9087827900,"39 STATE ROUTE 12, STE 2",FLEMINGTON,NJ,088221239
2022-06-CENSUS-0000171384,GEYBRPBMD5H7,2022,2023-03-13,621304227,"CLARK, KNIES AND CRENSHAW",HEATHER CRENSHAW,ACCOUNTANT,HCRENSHAW@CKCCPAPLLC.COM,9319673877,220 NORTH JEFFERSON STREET,WINCHESTER,TN,37398
2022-06-CENSUS-0000171393,ZFF4T665TJ97,2022,2023-02-12,621110839,ALEXANDER THOMPSON ARNOLD PLLC,MARCIE WILLIAMS,PARTNER,MWILLIAMS@ATACPA.NET,7314278571,227 OIL WELL RD.,JACKSON,TN,38305
2022-06-CENSUS-0000252815,CKBRH6KLTTS5,2022,2023-02-15,223849589,MCINTEE FUSARO DEL CORRAL LLC,DARREN FUSARO,PARTNER,DARREN@MCINTEE.COM,9738820300,277 FAIRFIELD ROAD SUITE 300,FAIRFIELD,NJ,070041941
2022-06-CENSUS-0000171427,RN8MBJN2BTM4,2022,2023-03-20,621551418,"HARTING, BISHOP AND ARRENDALE, PLLC",JANICE HAYES,PARTNER,HAYESJE@HBAPLLC.COM,4234726543,1040 WILLIAM WAY NW,CLEVELAND,TN,37312
2022-06-CENSUS-0000196737,DPCXM6A1QBQ7,2022,2023-01-16,621194004,"JOBE, HASTINGS AND ASSOCIATES",JAMES JOBE,PARTNER,JJOBE@JOBEHASTINGS.COM,6158937777,745 S. CHURCH ST #105,MURFREESBORO,TN,37130
2022-06-CENSUS-0000196737,DPCXM6A1QBQ7,2022,2023-01-16,621717910,"MATLOCK CLEMENTS, P.C.",ANDY MATLOCK,PARTNER,ANDY@MATLOCKCLEMENTS.COM,6159071881,270 GLENIS DRIVE SUITE A,MURFREESBORO,TN,37129
2022-06-CENSUS-0000196737,DPCXM6A1QBQ7,2022,2023-01-16,621199757,"LBMC, PC",ANDREW BISSONNETTE,"SHAREHOLDER, PRACTICE LEADER HEALTHCARE",ABISSONNETTE@LBMC.COM,6153092209,201 FRANKLIN RD,BRENTWOOD,TN,37027
2022-06-CENSUS-0000171452,MUNUKPPCPLJ4,2022,2023-02-23,474682450,"BELLENFANT, PLLC","JOHN BELLENFANT, CPA",PARTNER,JOHN@BELLENFANTCPA.COM,6153678700,9007 OVERLOOK BLVD,BRENTWOOD,TN,37027
2022-06-CENSUS-0000171403,N5D6ZPK28B18,2022,2023-01-26,621483064,"MITCHELL, EMERT & HILL",RICHARD W. HILL,DIRECTOR,RICHARDHILL@MEHCPA.COM,8655222396,416 ERIN DRIVE,KNOXVILLE,TN,37919
2022-12-CENSUS-0000148723,LE61DZNN8MJ4,2022,2023-09-29,381357951,"PLANTE MORAN, PLLC",NICK MAEDER,PRINCIPAL,NICK.MAEDER@PLANTEMORAN.COM,2319325661,"600E. FRONT STREET, SUITE 300",TRAVERSE CITY,MI,49686
2022-12-CENSUS-0000148723,LE61DZNN8MJ4,2022,2023-09-29,382613351,"GARDNER, PROVENZANO, THAMAS, & LUPLOW",HEATHER THOMAS-VERHAEGHE,PARTNER,HEATHER@GPTLCPAS.COM,9897903900,4855 STATE ST.,SAGINAW,MI,48603
2022-06-CENSUS-0000171425,Q22FAK2F3YM6,2022,2023-03-13,621649263,"GODWIN & ASSOCIATES, PLLC",MARK GODWIN,PARTNER,MGODWIN@GODWIN-CPA.COM,7319256547,408 MAIN ST,SAVANNAH,TN,38372
2022-06-CENSUS-0000171425,Q22FAK2F3YM6,2022,2023-03-13,455624092,JOHN R POOLE CPA,JOHN POOLE,OWNER,JRPOOLECPA@AOL.COM,6152020535,134 NORTHLAKE DR,HENDERSONVILLE,TN,37075
2022-06-CENSUS-0000171395,NXM1VK9NQ4C5,2022,2023-02-02,621690032,"RODEFER, MOSS & CO, PLLC",CURTIS MORRISON,PARTNER,CMORRISON@RODEFERMOSS.ORG,4236388144,"129 WEST DEPOT STREET, SUITE 1",GREENEVILLE,TN,37443
2022-06-CENSUS-0000171419,KJ5QVM5VATN5,2022,2023-02-09,621206753,"HG&A ASSOCIATES, P.C.",TIM ROYSTER,AUDIT DIRECTOR,TROYSTER@HGA-CPA.COM,8656918000,P.O. BOX 50846,KNOXVILLE,TN,379500846
2022-06-CENSUS-0000171448,STZ5D1M9DW73,2022,2023-01-09,621649263,"GODWIN & ASSOCIATES, PLLC",MARK GODWIN,PARTNER,MGODWIN@GODWIN-CPA.COM,7319256547,408 MAIN STREET,SAVANNAH,TN,38372
2022-06-CENSUS-0000171430,V8BLYJDMJHU9,2022,2023-01-16,621483064,"MITCHELLE, EMERT, & HILL., P.C.",RICHARD HILL,MANAGING PARTNER,MEHCPA@MEHCPA.COM,8655222396,416 ERIN DRIVE,KNOXVILLE,TN,37919
2022-09-CENSUS-0000238799,LZ4AWL9J6LP4,2022,2023-06-29,382463166,ALAN C YOUNG & ASSOCIATES,JAY WILDE,PRINCIPAL,JWILDE@ALANCYOUNG.COM,3138737500,"7310 WOODWARD, STE. 740",DETROIT,MI,48202
2022-09-CENSUS-0000238799,LZ4AWL9J6LP4,2022,2023-06-29,383133790,ANDREWS HOOPER PAVLIK PLC,JEFFREY FINEIS,PARTNER,JEFFREY-FINEIS@AHPPLC.COM,5177060800,4295 OKEMOS ROAD,OKEMOS,MI,48864
2022-06-CENSUS-0000209931,D233R2HF2WA1,2022,2023-01-16,825378651,"TWO RIVERS ACCOUNTING, LLC",JOSH TOMSOVIC,ASSOCIATE ACCOUNTANT,JOSHT@TWORIVERSACCOUNTING.COM,7157190305,12 W. MARSHALL ST. SUITE 106,RICE LAKE,WI,54868
2022-06-CENSUS-0000179961,Z4L3NDA8VBQ8,2022,2023-01-10,830320414,LEO RILEY & CO. CPA'S,SOPHIA ZHANG,CPA,SOPHIAZ@LRILEYCO.COM,3072653800,141 S CENTER ST SUITE 200,CASPER,WY,82601
2022-12-CENSUS-0000247819,W6CMB6N7BCM4,2022,2023-09-13,450250958,"EIDE BAILLY, LLP",PAM EGGERT,PARTNER,PEGGERT@EIDEBAILLY.COM,6022648629,"1850 N. CENTRAL AVE, STE 400",PHOENIX,AZ,85004
2022-06-CENSUS-0000170255,NSA8T7PLC9K3,2022,2023-05-16,410746749,CLIFTONLARSONALLEN,ANDREW LEE,PRINCIPAL,ANDREW.LEE@CLACONNECT.COM,2674191122,1 CAPITAL WAY,CRANSTON,RI,02910
2022-06-CENSUS-0000170255,NSA8T7PLC9K3,2022,2023-05-16,381357951,"PLANTE & MORAN, PLLC",PAMELA HILL,PARTNER,PAMELA.HILL@PLANTEMORAN.COM,8107666022,"19176 HALL ROAD, SUITE 300",CLINTON TOWNSHIP,MI,48308
2022-06-CENSUS-0000170255,NSA8T7PLC9K3,2022,2023-05-16,111986323,MARCUM LLP,JAMES WILKINSON,PARTNER,JAMES.WILKINSON@MARCUMLLP.COM,4016004709,"155 SOUTH MAIN STREET, SUITE 100",PROVIDENCE,RI,02903
2022-06-CENSUS-0000210585,Q93YG2V143L7,2022,2023-02-05,825378651,"TWO RIVERS ACCOUNTING, LLC",JOSH TOMSOVIC,ASSOCIATE ACCOUNTANT,JOSHT@TWORIVERSACCOUNTING.COM,7157190305,12 W MARSHALL ST. SUITE 106,RICE LAKE,WI,54868
2022-06-CENSUS-0000248095,R6JRYQP4CLZ4,2022,2023-03-22,311413363,"BHM CPA GROUP, INC.",MICHAEL A. BALESTRA,CPA,MIKE.BALESTRA@BHMCPAGROUP.COM,3045212648,PO BOX 325,HUNTINGTON,WV,25708
2022-06-CENSUS-0000248095,R6JRYQP4CLZ4,2022,2023-03-22,541556144,"AHMAD ASSOCIATES, LTD",SHAD AHMAD,OWNER,SAHMAD@AALCPAS.COM,7038939644,"8230 OLD COURTHOUSE ROAD, SUTIE 210",VIENNA,VA,22182
2022-06-CENSUS-0000171423,NRBNK29F3HC9,2022,2023-03-16,621110839,ALEXANDER THOMPSON ARNOLD PLLC,THERESA CORLEY,SENIOR MANAGER,TCORLEY@ATACPA.NET,7318853661,227 OIL WELL RD,JACKSON,TN,38305
2022-06-CENSUS-0000212161,SK7KLCNNNX15,2022,2023-02-22,581107697,"SEROTTA MADDOCKS EVANS & CO., CPAS",APRIL LOTT,AUDIT SUPERVISOR,ALOTT@SMECPA.COM,7067225337,"2743 PERIMETER PARKWAY, BLD 100, SUITE 200",AUGUSTA,GA,30909
2022-06-CENSUS-0000231543,KQBKBZ8AP852,2022,2023-03-28,223299874,"BKC, CPAS, PC","LAURA ATWELL, CPA",MANAGER,LA@BKC-CPA.COM,9087827900,"39 STATE ROUTE 12, STE 2",FLEMINGTON,NJ,088221239
2022-06-CENSUS-0000217697,KWFYTBLKM3Z4,2022,2023-03-22,813584368,"FERRARI AND ASSOCIATES, PLLC",BRYAN BOWMAN,PARTNER,BRYAN@FERRARICPAS.COM,3045410673,616 SCHUBERT PLACE,MORGANTOWN,WV,26505
2022-07-CENSUS-0000003379,GTJHZE4M7YK1,2022,2023-03-29,311575142,DEFENSE CONTRACT AUDIT AGENCY,JACKLYN PARZIALE,BRANCH MANAGER,JACLYN.PARZIALE@DCAA.MIL,5714482026,"59 LOWES WAY, SUITE 300",LOWELL,MA,01851
2022-06-CENSUS-0000190668,J5JETRML8615,2022,2023-01-16,621649263,GODWIN & ASSOCIATED,BETHANY HOWELL,AUDITOR,BGODWIN@GODWIN-CPA.COM,7319256547,408 MAIN STREET,SAVANNAH,TN,38372
2022-06-CENSUS-0000130214,GX4FM9VQD7W3,2022,2023-08-28,870325228,HAYNIE & COMPANY,BRENT STRATTON,SENIOR MANAGER,BRENTS@HAYNIECPAS.COM,8019724800,"1230 W WASHINGTON ST, SUITE 401",TEMPE,AZ,85288
2022-06-CENSUS-0000189546,HUQ6HTGD5D83,2022,2023-03-30,813584368,"FERRARI AND ASSOCIATES, PLLC",BRYAN BOWMAN,PARTNER,BRYAN@FERRARICPAS.COM,3045410673,616 SCHUBERT PLACE,MORGANTOWN,WV,26505
2022-06-CENSUS-0000189546,HUQ6HTGD5D83,2022,2023-03-30,550769185,"DAVID L. HOWELL, CPA",DAVID HOWELL,CPA,DAVIDHOWELLCPA@SUDDENLINK.NET,3042202319,PO BOX 458,BELLE,WV,25015
2022-06-CENSUS-0000171415,MYX9B6NDMS25,2022,2023-02-02,275360847,"CROSSLIN, PLLC",JENNIFER MANTERNACH,AUDIT MANAGER,JENNIFER.MANTERNACH@CROSSLINPC.COM,6153205500,3803 BEDFORD AVENUE,NASHVILLE,TN,37215
2022-06-CENSUS-0000171362,FZH4R8S9Z115,2022,2023-02-02,621110839,ALEXANDER THOMPSON ARNOLD PLLC,MARCIE WILLIAMS,PARTNER,MWILLIAMS@ATA.CPA.NET,7314278571,227 OIL WELL RD,JACKSON,TN,38305
2022-06-CENSUS-0000171365,JL2QVAFMRHF1,2022,2023-01-26,823747978,"WEDGEWOOD ACCOUNTING, PLLC",BRANDON BARNES,CERTIFIED PUBLIC ACCOUNTANT,BBARNES@WEDGEWOODACCOUNTING.COM,4234765581,4395 N OCOEE STREET,CLEVELAND,TN,37312
2022-06-CENSUS-0000166791,TN75GJE1S7G3,2022,2023-03-16,410746749,CLIFTONLARSONALLEN LLC,SEAN WALKER,PRINCIPAL,SEAN.WALKER@CLACONNECT.COM,4104530900,1966 GREENSPRING DRIVE,TIMONIUM,MD,21093
2022-05-CENSUS-0000089856,WCC3Q7RY1HK9,2022,2023-02-23,582663273,SYMPHONA,DONYA J. FOWLER,"CPA, AUDIT PARTNER",DONYA.FOWLER@SYMPHONA.US,9122323359,"118 PARK OF COMMERCE DR, SUITE 200",SAVANNAH,GA,31405
2022-06-CENSUS-0000179268,DQN5CN7XNLH8,2022,2023-01-15,825378651,"TWO RIVERS ACCOUNTING, LLC",JOSH TOMSOVIC,ASSOCIATE ACCOUNTANT,JOSHT@TWORIVERSACCOUNTING.COM,7156420363,12 W MARSHALL ST. SUITE 106,RICE LAKE,WI,54868
2022-06-CENSUS-0000171413,HZGMWNL2F2B3,2022,2023-03-13,621649263,"GODWIN AND ASSOCIATES, PLLC",MARK GODWIN,PARTNER,MGODWIN@GODWIN-CPA.COM,7319256547,408 MAIN STREET,SAVANNAH,TN,38372
2022-12-CENSUS-0000194497,H2V4RET4BX74,2022,2023-09-28,232890989,KLACIK $ ASSOCIATES,ANTHONY GAGLIARDI,MANAGER,AGAGLIARDI@KLACIKPC.COM,5706486386,101 W. INDEPENDENCE ST,SHAMOKIN,PA,17872
2022-06-CENSUS-0000171602,HNZ1C4TRQN46,2022,2023-03-30,621170651,"BROWN, JAKE & MCDANIEL",HALEY SLAGLE,PARTNER,HSLAGLE@BJMPC.COM,8656378600,"2607 KINGSTON PIKE, SUITE 110",KNOXVILLE,TN,37919
2022-06-CENSUS-0000142292,XGYVA4Y2YAN4,2022,2023-01-09,440160260,"FORVIS, LLP","CELESTE K. TABOR, CPA",SENIOR MANAGER,CELESTE.TABOR@FORVIS.COM,8124286542,400 CROSS POINTE BLVD,EVANSVILLE,IN,47715
2022-08-CENSUS-0000171944,JCJBPTJXYXH9,2022,2023-03-23,410746749,"CLIFTONLARSONALLEN, LLP",BHAKTI PATEL,PRINCIPAL,BHAKTI.PATEL@CLACONNECT.COM,5122766053,"11501 BURNET RD. BLDG 906, SUITE 125",AUSTIN,TX,78758
2022-09-CENSUS-0000136181,KDM1AK6B6JM9,2022,2023-06-28,650719690,S. DAVIS AND ASSOCIATES,SHAUN DAVIS,PARTNER,SDAVIS@SDAVISCPA.COM,9549275900,2521 HOLLYWOOD BLVD.,HOLLYWOOD,FL,33020
2022-06-CENSUS-0000171398,Y92CFEPN2RJ9,2022,2023-01-25,621110839,ALEXANDER THOMPSON ARNOLD PLLC,MARCIE WILLIAMS,PARTNER,MWILLIAMS@ATA.CPA.NET,7314278571,227 OIL WELL RD,JACKSON,TN,38305
2022-06-CENSUS-0000203922,D87HL1NHBHMS,2022,2023-03-30,311413363,"BHM CPA GROUP, INC.",MICHAEL A. BALESTRA,CPA,MIKE.BALESTRA@BHMCPAGROUP.COM,3045212648,PO BOX 325,HUNTINGTON,WV,25708
2022-06-CENSUS-0000203922,D87HL1NHBHMS,2022,2023-03-30,813584368,"FERRARI AND ASSOCIATES, PLLC",BRYAN BOWMAN,PARTNER,BRYAN@FERRARICPAS.COM,3045410673,616 SCHUBERT PLACE,MORGANTOWN,WV,26505
2022-12-CENSUS-0000146898,CLE8JX1PQ674,2022,2023-08-27,721202445,"CARR, RIGGS & INGRAM, LLC",BECKY HAMMOND,PARTNER,BHAMMOND@CRICPA.COM,9856295558,GALLERIA BLVD SUIT 2100,METAIRIE,LA,70001
2022-06-CENSUS-0000181769,ENVMRKF23X86,2022,2023-04-17,470526649,DANA F COLE & COMPANY,BRYAN SWARTZ,CPA,SWARTZ@DANACOLE.COM,4024799320,1248 O STREET SUITE 500,LINCOLN,NE,68508
2022-06-CENSUS-0000171380,VQZTX4NEJ8L5,2022,2023-02-08,621650315,"PARKS & BERRY CPAS, PC",JOEL PARKS,PRESIDENT,JOEL@PARKSBERRYCPA.COM,6154598248,752 JIM PARKER DR.,SMYRNA,TN,37167
2022-06-CENSUS-0000210118,HA31WNNBSBU5,2022,2023-01-17,263548566,"M GROUP, LLP",MICHAEL MARTIN,PARTNER,MMARTIN@MGROUPTX.COM,8178651360,515 W SOUTHLAKE BLVD STE 150,SOUTHLAKE,TX,76092
2022-06-CENSUS-0000192478,LBKKC4ADCTF7,2022,2023-03-20,450491842,"BLANKENSHIP CPA GROUP, PLLC",KAREN STEPHENS,"PARTNER, MANAGING DIRECTOR",KSTEPHENS@BCPAS.COM,6158598800,"1000 NORTHCHASE DRIVE, SUITE 260",GOODLETTSVILLE,TN,37072
2022-09-CENSUS-0000018232,DC9UXK381JR5,2022,2023-06-22,311575142,DCAA,REBECCA M. NICOMETI,BRANCH MANAGER,REBECCA.NICOMETI@DCAA.MIL,5714484175,"90 CURTWRIGHT DRIVE, SUITE 1",WILLIAMSVILLE,NY,142217096
2022-06-CENSUS-0000171424,DJXMVJM16KJ3,2022,2023-03-15,522412757,"TAMARA L BECKMAN, CPA",TAMARA BECKMAN,CPA,BECKMANCPA.TAMARA@GMAIL.COM,6153181821,103 N. 3RD ST,SMITHVILLE,TN,37166
2022-06-CENSUS-0000171381,K8CTCDACL9F8,2022,2023-01-09,621110839,ALEXANDER THOMPSON ARNOLD PLLE,MARK DOWNING,SENIOR ASSOCIATE,MDOWNING@ATACPA.COM,7312857900,185 NORTH CHURCH AVENUE,DYERSBURG,TN,38024
2022-06-CENSUS-0000189284,J1CGWXZ35HD3,2022,2023-03-30,830320414,"LEO RILEY & CO., CPA'S",SOPHIA ZHANG,CPA,SOPHIAZ@LRILEYCO.COM,3072653800,141 S CENTER ST SUITE 200,CASPER,WY,82601
2022-06-CENSUS-0000251193,CRRUA7RPJK43,2022,2023-03-16,813584368,"FERRARI AND ASSOCIATES, PLLC",BRYAN BOWMAN,PARTNER,BRYAN@FERRARICPAS.COM,3045410673,616 SCHUBERT PLACE,MORGANTOWN,WV,26505
2022-06-CENSUS-0000142297,T7YTQNKK4FM5,2022,2023-02-05,352043580,ALERDING CPA GROUP,"MICHAEL STATON, CPA",MANAGING DIRECTOR,CGEHR@ALERDINGCPAGROUP.CPA,3175694181,"4181 E. 96TH ST, SUITE 180",INDIANAPOLIS,IN,46240
2022-06-CENSUS-0000197242,VXS8VFJNNSL4,2022,2023-03-23,620808829,WINNETT ASSOCIATES,CONNIE HUGHES,MEMBER,CBAILEY@WINNETTCPA.COM,9316847142,512 ELM STREET,SHELBYVILLE,TN,37610
2022-06-CENSUS-0000171376,GLMLWS282MR5,2022,2023-01-10,621110839,ALEXANDER THOMPSON ARNOLD PLLC,MARCI WILLIAMS,PARTNER,MWILLIAMS@ATA.CPA.NET,7314278571,227 OIL WELL ROAD,JACKSON,TN,38305
2022-06-CENSUS-0000171388,QPYDRFVHLLT4,2022,2023-02-09,621690032,"RODEFER, MOSS & CO, PLLC",CURTIS MORRISON,PARTNER,CMORRISON@RODEFERMOSS.ORG,4236388144,"129 WEST DEPOT STREET, SUITE 1",GREENEVILLE,TN,37443
2022-06-CENSUS-0000238368,VBL8JWENLLE8,2022,2023-03-29,043000523,O'CONNOR AND DREW,ZACH LAFLASH,PRINCIPAL,ZLAFLASH@OCD.COM,6174711120,"25 BRAINTREE HILL OFFICE PARK, SUITE 102",BRAINTREE,MA,02184
2022-06-CENSUS-0000153897,HGM6RN7EW395,2022,2023-01-02,431794646,"WELCH & ASSOCIATES, LLC",BRIAN WELCH,MANAGING PARTNER,BWELCH@WELCHCPAFIRM.COM,8167562620,"920 MAIN STREET, SUITE 640",KANSAS CITY,MO,64105
2022-06-CENSUS-0000179554,NP2DVRPGAE61,2022,2023-01-15,825378651,"TWO RIVERS ACCOUNTING, LLC",JOSH TOMSOVIC,ASSOCIATE ACCOUNTANT,JOSHT@TWORIVERSACCOUNTING.COM,7156420363,12 W MARSHALL ST. SUITE 106,RICE LAKE,WI,54868
2022-06-CENSUS-0000171400,MTA4VALZG1B4,2022,2023-03-13,455624092,"JOHN R. POOLE, CPA",JOHN R. POOLE,OWNER,JRPOOLECPA@AOL.COM,6152020535,134 NORTHLAKE DRIVE,HENDERSONVILLE,TN,37075
2022-06-CENSUS-0000171382,CYY4DKZJT185,2022,2023-02-08,621110839,ALEXANDER THOMPSON ARNOLD PLLC,MARCIE WILLIAMS,PARTNER,MWILLIAMS@ATA.CPA.NET,7314278571,227 OIL WELL RD,JACKSON,TN,38305
2022-06-CENSUS-0000182360,KB8GZLYS8M76,2022,2023-03-13,522412757,TAMARA L. BECKMAN,TAMARA BECKMAN,CPA,BECKMANCPA.TAMARA@GMAIL.COM,6153181821,103 N. 3RD STREET,SMITHVILLE,TN,37166
2022-06-CENSUS-0000150662,PYK7WKBV8DJ5,2022,2023-03-29,410746749,CLIFTONLARSONALLEN LLP,DON LOBERG,PRINCIPAL,DON.LOBERG@CLACONNECT.COM,6123973064,220 SOUTH SIXTH STREET,MINNEAPOLIS,MN,55402
2022-06-CENSUS-0000171422,RKM5JHXGZNK4,2022,2023-02-19,621690032,"RODEFER, MOSS, & CO., PLLC",EMILEE RIEHN,AUDIT PARTNER,ERIEHN@RODEFERMOSS.COM,8655830560,608 MABRY HOOD ROAD,KNOXVILLE,TN,37932
2022-04-CENSUS-0000239722,LJKMW3N6RYG5,2022,2023-01-10,390758449,WIPFLI,PAUL M TRACZEK,CPA,PTRACZEK@WIPFLO.COM,7158323407,4890 OWEN AYRES CT SUITE 200,EAU CLAIRE,WI,54701
2022-06-CENSUS-0000130202,LNCRRL2K1DA9,2022,2023-06-21,593382992,MALCOLM JOHNSON & COMPANY,MALCOLM P. JOHNSON,PRESIDENT,OFFICE@MALCOLMJOHNSONCOMPANY.COM,3866686464,210 N CHARLES RICHARD BEALL BLVD,DEBARY,FL,32713
2022-06-CENSUS-0000130202,LNCRRL2K1DA9,2022,2023-06-21,860257194,WALKER & ARMSTRONG,JAY Z. PARKE,PARTNER,JPARKE@WA-CPAS.COM,6022301040,"3838 N. CENTRAL AVE., STE. 1700",PHOENIX,AZ,85012
2022-12-CENSUS-0000258054,C9L1ZHMMTNH5,2022,2023-04-27,043728817,TRONCONI SEGARRA & ASSOCIATES,MARK A. FERM,PARTNER,MFERM@TSACPA.COM,7166331373,8321 MAIN ST,WILLIAMSVILLE,NY,14221
2022-09-CENSUS-0000172246,LC5QCFLLCDJ4,2022,2023-05-11,742332623,"ARMSTRONG, VAUGHAN AND ASSOCIATES PC",DEBORAH F. FRASER,PARTNER,FRASER@AVACPA.COM,2105929482,"941 WEST BYRD BLVD, SUITE 101",UNIVERSAL CITY,TX,78148
2022-09-CENSUS-0000172246,LC5QCFLLCDJ4,2022,2023-05-11,273473554,"SCHRIVER, CARMONA & COMPANY, PLLC",CHRISTOPHER CARMONA,PARTNER,CCARMONA@SCC-CPA.COM,2106800350,"7750 IH-10 WEST, SUITE 504",SAN ANTONIO,TX,78229
2022-09-CENSUS-0000172246,LC5QCFLLCDJ4,2022,2023-05-11,202039138,BRITTS & ASSOCIATES LLP,THERESA Y. BRITTS,MANAGING PARTNER,TERIB@CPASATX.COM,2107359101,3201 CHERRY RIDGE ST. SUITE A104,SAN ANTONIO,TX,78230
2022-09-CENSUS-0000172246,LC5QCFLLCDJ4,2022,2023-05-11,742591509,ROBERT J. WILLIAMS CPA,ROBERT J. WILLIAMS,OWNER,RJWCPA@ATT.NET,2105258588,"85 NE LOOP 410, SUITE 204",SAN ANTONIO,TX,78216
2022-12-CENSUS-0000188313,KXBNDLU96L61,2022,2023-09-26,463893925,"WALKER, GIROUX, HAHNE, LLC",THOMAS KELLY,AUDITOR,TKELLY@WGHCPAS.COM,2187494880,"225 1ST ST NORTH, SUITE 2400",VIRGINIA,MN,55792
2022-12-CENSUS-0000188313,KXBNDLU96L61,2022,2023-09-26,411656121,SCHLENNER WENNER & CO,MOLLY THOMPSON,PARTNER,MTHOMPSON@CWCOCPAS.COM,3202510286,"630 ROOSEVELT RD, SUITE 201",ST. CLOUD,MN,56302
2022-12-CENSUS-0000188313,KXBNDLU96L61,2022,2023-09-26,470812943,"NEIWEDDE & WEINS, CPA'S",RANDAL NIEWEDDE,PARTNER,RANDAL@NWCPAS.NET,4023624410,PO BOX 98,YORK,NE,68467
2022-06-CENSUS-0000171368,Z264Y77YPJY5,2022,2023-03-19,621110839,ALEXANDER THOMPSON ARNAOLD PLL,MARK DOWNING,PARTNER,MDOWNING@ATACPA.NET,7312857900,624 EAST REELFOOT AVE,UNION CITY,TN,38261
2022-06-CENSUS-0000171368,Z264Y77YPJY5,2022,2023-03-19,830534893,MG GROUP INC.,DONALD MILLS,CPA,DON@MGGROUPINC.NET,4237625709,515 NW ATLANTIC ST,TULLAHOMA,TN,37388
2022-06-CENSUS-0000171383,TDLMRMBKN2K7,2022,2023-02-26,621264926,HASSELL RAY YORK & ASSOCIATES PC,KATHY TOLLETT,AUDITOR,PKMTOLLETT@HRYORKCPAS.COM,9314845570,228 RECTOR AVE,CROSSVILLE,TN,38555
2022-06-CENSUS-0000179293,D2D9ANKTLN46,2022,2023-01-16,825378651,"TWO RIVERS ACCOUNTING, LLC",JOSH TOMSOVIC,ASSOCIATE ACCOUNTANT,JOSHT@TWORIVERSACCOUNTING.COM,7156420363,12 W MARSHALL ST. SUITE 106,RICE LAKE,WI,54868
2022-06-CENSUS-0000171364,DK5SDEYN9C43,2022,2023-02-05,621532536,"COULTER & JUSTUS, P.C.",ROBERT WILDI,PRINCIPAL,RWILDI@CJ-PC.COM,8656374161,"9717 COGDILL ROAD, SUITE 201",KNOXVILLE,TN,37932
2022-06-CENSUS-0000171364,DK5SDEYN9C43,2022,2023-02-05,621690032,RODEFER MOSS & COMPANY,RICKEY LUTTRELL,MANAGING PARTNER,RLUTTRELL@RODEFERMOSS.COM,4233617529,608 MABRY HOOD ROAD,KNOXVILLE,TN,37932
2022-06-CENSUS-0000249720,G7F6X298YUP2,2022,2023-04-25,731460911,HBC CPAS & ADVISORS,CHRIS HEIM,AUDIT PARTNER,CHEIM@HBC-CPAS.COM,4058487797,9905 N MAY AVE,OKLAHOMA CITY,OK,73120
2022-06-CENSUS-0000006030,SBKKX9AQWJN5,2022,2023-03-26,571139864,DISANTO PRIEST & CO.,"FRANK F. PREVITI, CPA",PRINCIPAL,FPREVITI@DISANTOPRIEST.COM,4019212000,"117 METRO CENTER BLVD, SUITE 3000",WARWICK,RI,02886
2022-06-CENSUS-0000171366,GEDAKXD3RH21,2022,2023-02-23,621483064,"MITCHELL, EMERT & HILL, P.C.",RICHARD W. HILL,DIRECTOR,RICHARDHILL@MEHCPA.COM,8655222396,416 ERIN DRIVE,KNOXVILLE,TN,37919
2022-06-CENSUS-0000171446,EQABL6J7JJP9,2022,2023-02-12,522412757,TAMERA L. BECKMAN,TAMERA BECKMAN,OWNER,BECKMANCPA.TAMERA@GMAIL.COM,6153181821,"103, N 3RD ST.",SMITHVILLE,TN,37166
2022-06-CENSUS-0000171417,FGM9UQDVJNP8,2022,2023-02-19,621650315,"PARKS & BERRY CPAS, PC",JOEL PARKS,PRESIDENT,JOEL@PARKSBERRYCPA.COM,6154598248,752 JIM PARKER DR,SMYRNA,TN,37167
2022-06-CENSUS-0000171433,G98CZYL2YR93,2022,2023-02-02,621690032,"RODEFER, MOSS &CO. PLLC",NICOLE SWINT,SUPERVISING SENIOR,NSWINT@RODEFERMOSS.COM,8655830091,608 MABRY HOOD ROAD,KNOXVILLE,TN,37932
2022-06-CENSUS-0000158723,ZQ5JYL7HQFS7,2022,2023-03-19,275263553,GALLEROS ROBINSON,NORA GALLEROS,PARTNER,NGALLEROS@GALLEROSROBINSON.COM,7324622020,"488 MADISON AVENUE, 23RD FLOOR",NEW YORK,NY,10022
2022-06-CENSUS-0000202741,LMJYLXLE87M6,2022,2023-06-14,132659310,WASSER BRETTLER KLAR & LIPSTEIN,CHARLES STEINMAN,PARTNER,C.STEINMAN@ATT.NET,2129626100,132 NASSAU ST,NEW YORK,NY,10038
2022-06-CENSUS-0000190256,PC5NYNW2UQ54,2022,2023-03-16,743074343,WHITLOCK & CO. P.C.,"MALINDA MOYERS, CPA",SENIOR AUDIT MANAGER,MMOYERS@WHITLOCKCPA.COM,8659819638,375 FOUNTAIN VIEW CIRCLE,ALCOA,TN,37701
2022-06-CENSUS-0000171370,M288TN5Z8LR3,2022,2023-01-22,621717910,MATLOCK CLEMENTS P.C.,ANDY MATLOCK,CPA,ANDY@MATLOCKCLEMENTS.COM,6159071881,270 GLENIS DRIVE SUITE A,MURFREESBORO,TN,37129
2022-06-CENSUS-0000210153,VUZJAMS7K1D9,2022,2023-03-28,223299874,"BKC, CPAS, PC","LAURA ATWELL, CPA",MANAGER,LA@BKC-CPA.COM,9087827900,"39 STATE ROUTE 12, STE 2",FLEMINGTON,NJ,088221239
2022-06-CENSUS-0000171369,DMTKJE1U4MD7,2022,2023-03-23,621690032,"RODEFER, MOSS & CO. PLLC",CURTIS MORRISON,PARTNER,CMORRISTON@RODEFERMOSS.ORG,4236388144,"129 WEST DEPOT STREET, SUITE 1",GREENEVILLE,TN,37443
2022-06-CENSUS-0000196222,L6M1G1EY4L56,2022,2023-01-26,455624092,"JOHN R. POOLE, CPA",JOHN POOLE,AUDITOR,JRPOOLECPA@AOL.COM,6158224177,134 NORTHLAKE DRIVE,HENDERSONVILLE,TN,37075
2022-06-CENSUS-0000171389,FHMYVWD7NEH8,2022,2023-03-21,621717910,MATLOCK CLEMENTS PC,ANDY MATLOCK,AUDIT PARTNER,ANDY@MATLOCKCLEMENTS.COM,6159071881,270 GLENIS DR,MURFREESBORO,TN,37129
2022-06-CENSUS-0000171439,CL1DBBTJGJJ8,2022,2023-03-19,620647474,"BLACKBURN, CHILDERS & STEAGALL, CPAS",KEVIN R. PETERS,PARTNER,KEVIN@BCSCPA.COM,4232824511,801 B. SUNSET DRIVE,JOHNSON CITY,TN,37604
2022-06-CENSUS-0000171429,G61XDDVNMS74,2022,2023-03-14,621046406,"JOHNSON, HICKEY, & MURCHINSON P.C.",SHARON BROOKS,SENIOR AUDIT MANAGER,SHARONB@JHMCPA.COM,4237560052,2215 OLAN MILLS DRIVE,CHATTANOOGA,TN,37421
2022-09-CENSUS-0000230423,GAPPWM4B92A8,2022,2023-03-06,050409384,"KAHN, LITWIN, RENZA & CO., LTD.",SANDY ROSS,PARTNER,SROSS@KAHNLITWIN.COM,4012742001,951 NORTH MAIN STREET,PROVIDENCE,RI,02904
2022-06-CENSUS-0000202510,GLD1KRCPLYN6,2022,2023-03-14,621099059,"CRAINE, THOMPSON & JONES, P.C.",MIRA CRAINE,PARTNER,MIRA@CTANDJ.NET,4235867650,P.O. BOX 1779,MORRISTOWN,TN,37816
2022-06-CENSUS-0000142234,WBLRF8Z4BEF6,2022,2023-02-05,440160260,"FORVIS, LLP","RICK WITTGREN, CPA",PARTNER,RICK.WITTGREN@FORVIS.COM,3173834000,"201 N. ILLINOIS STREET, SUITE 700",INDIANAPOLIS,IN,462040998
2022-12-CENSUS-0000225022,C11MCDK9SBX9,2022,2023-09-10,430765316,RUBINBROWN,CHRISTOPHER J. LANGLEY,MANAGING PARTNER,CHRIS.LANGLEY@RUBINBROWN.COM,3124251099,"225 W. WACKER DR, SUITE 1700",CHICAGO,IL,60606
2022-09-CENSUS-0000172285,U4TZHD1RNTC7,2022,2023-04-02,742073801,"INGRAM WALLIS & COMPANY, P.C.",JAMES D INGRAM IV,OFFICER/SHAREHOLDER,JDI4@INGRAM-WALLIS.COM,9797762600,"2100 EAST VILLA MARIA, STE. 100",BRYAN,TX,778022581
2022-09-CENSUS-0000172285,U4TZHD1RNTC7,2022,2023-04-02,752393478,"WHITLEY PENN, LLP",GUADALUPE R GARCIA,PARTNER,LUPE.GARCIA@WHITLEYPENN.COM,7136211515,"3737 BUFFALO SPEEDWAY, STE. 1600",HOUSTON,TX,77098
2022-06-CENSUS-0000171394,UNJ1ZELU68N3,2022,2023-02-15,621199757,"LMBC, PC",COURTNEY BACH,AUDITOR,CBACH@LBMC.COM,4232555961,210 FRANKLIN RD,BRENTWOOD,TN,37027
2022-06-CENSUS-0000171394,UNJ1ZELU68N3,2022,2023-02-15,621649263,GODWIN & ASSOCIATES PLLC,MARK GODWIN,PARTNER,MGODWIN@GODWIN-CPA.COM,7319256547,408 MAIN STREET,SAVANNAH,TN,38372
2022-12-CENSUS-0000176796,HUPVNKH3FKK8,2022,2023-06-05,911943429,FRANCIS & COMPANY,HORACE FRANCIS,MANAGING PARTNER,HORACE@FRANCIS-COMPANY.COM,2062820513,200 W MERCER ST,SEATTLE,WA,98109
2022-12-CENSUS-0000223206,NXJRNWA828R6,2022,2023-08-22,346565596,ERNST & YOUNG,MAUREEN WOOD,MANAGING DIRECTOR,MAUREEN.WOOD@EY.COM,2165831564,155 N. WACKER DRIVE,CHICAGO,IL,606061787
2022-06-CENSUS-0000171449,MUCHTNJPCV74,2022,2023-03-13,621110839,ALEXANDER THOMPSON ARNOLD PLLC,THERESA CORLEY,MEMBER,TCORLEY@ATACPA.NET,7318853661,227 OIL WELL RD,JACKSON,TN,38305
2022-06-CENSUS-0000171449,MUCHTNJPCV74,2022,2023-03-13,273218230,COWART REESE SARGENT,KATIE LITTLE,MANAGER,KATIE.LITTLE@CRSCPA.COM,7315874221,64 LYNOAK COVE,JACKSON,TN,38305
2022-12-CENSUS-0000222373,MC9NPJ4JJTA3,2022,2023-07-05,721086666,TWRU CPAS AND BUSINESS ADVISORS,PAUL SHAFFER,AUDIT MANAGER,PSHAFFE@TWRU.COM,2259261050,527 EAST AIRPORT AVENUE,BATON ROUGE,LA,70806
2022-12-CENSUS-0000134821,SRTYZ6WZDWM7,2022,2023-08-07,430765316,RUBINBROWN,KAILEE KENYON,ACCOUNTANT,KAILEE.KENYON@RUBINBROWN.COM,7207095607,1900 16TH STREET SUITE 1700,DENVER,CO,80202
2022-12-CENSUS-0000210288,N5L5BNX4DVK7,2022,2023-09-24,113156566,DEANS ARCHER & CO.,ROSEMARIE FORDE,AUDIT SUPERVISOR,ROSEMARIE.FORDE@DEANSARCHER.COM,5168726922,"300 MERRICK., STE 209",LYNBROOK,NY,11563
2022-06-CENSUS-0000171428,RW6ER4JBBD76,2022,2023-01-22,522412757,"TAMARA L. BECKMAN, CPA",TAMARA BECKMAN,CPA,BECKMANCPA.TAMARA@GMAIL.COM,6153181821,103 N. 3RD STREET,SMITHVILLE,TN,37166
2022-06-CENSUS-0000171372,LZ7JSLK4WYQ1,2022,2023-03-23,621483064,"MITCHELL, EMERT & HILL",RICHARD W. HILL,DIRECTOR,RICHARDHILL@MEHCPA.COM,8655222396,416 ERIN DRIVE,KNOXVILLE,TN,37919
2022-06-CENSUS-0000142300,XGMKKTCV87C1,2022,2023-02-27,352123203,KATZ SAPPER MILLER,SCOTT SCHUSTER,PARTNER,SSCHUSTER@KSMCPA.COM,3175802401,"800 E. 96TH ST., SUITE 500",INDIANAPOLIS,IN,46240
2022-06-CENSUS-0000164026,JZVMY35LWM19,2022,2023-03-15,943108253,NOVOGRADAC & COMPANY LLP,AMANDA READ,LEAD AUDITOR,AMANDA.READ@NOVOCO.COM,2162989000,"1300 EAST NINTH STREET, 9TH FLOOR",CLEVELAND,OH,44114
2022-06-CENSUS-0000231529,SGG2M3VHK327,2022,2023-03-28,223299874,"BKC, CPAS, PC",LAURA ATWELL CPA,MANAGER,LA@BKC-CPA.COM,9087827900,"39 STATE ROUTE 12, STE 2",FLEMINGTON,NJ,088221239
2022-09-CENSUS-0000217025,QZ5WNEUCCCD5,2022,2023-07-17,390758449,WIPFLI,CIARA LEAHY,"SENIOR MANAGER, AUDIT",CIARA.LEAHY@WIPFLI.COM,8473486504,1 N WACKER DRIVE STE 1700,CHICAGO,IL,60606
2022-06-CENSUS-0000171375,XFK2DVVG6L59,2022,2023-01-16,208032022,"HOUSHOLDER ARTMAN, PLLC",LINDA BEAN,SENIOR ACCOUNTANT,LBEAN@HAA-CPA.NET,9314554248,115 NORTH JACKSON ST,TULLAHOMA,TN,37388
2022-06-CENSUS-0000171437,VM4UJ787Z681,2022,2023-01-26,522412757,"TAMARA L BECKMAN, CPA",TAMARA BECKMAN,CPA/OWNER,BECKMANCPA@FRONTIERNET.NET,6153181821,103 N. 3RD ST.,COOKEVILLE,TN,37166
2022-06-CENSUS-0000171407,JNN5H3J43L24,2022,2023-03-14,621627094,"MARTHA CRITES, CPA",MARTHA CRITES,OWNER,MLCRITES@LCTN.COM,7318365987,115 SOUTH FRONT STREET,HALLS,TN,38040
2022-06-CENSUS-0000171407,JNN5H3J43L24,2022,2023-03-14,621110839,"ALEXANDER, THOMPSON AND ARNOLD, PLLC",STEPHEN ELDRIDGE,PARTNER,SELDRIDGE@ATACPA.NET,7314278571,227 OIL WELL ROAD,JACKSON,TN,38305
2022-06-CENSUS-0000171416,JW9DBDUBJ2G3,2022,2023-01-04,208032022,"HOUSEHOLDER ARTMAN, PLLC",LANA BREECE,CERTIFIED PUBLIC ACCOUNTANT,LBREECE@HAA-CPA.COM,9314554248,115 N JACKSON STREET,TULLAHOMA,TN,37388
2022-09-CENSUS-0000206324,L4LNHMPBL2Q3,2022,2023-04-17,470526649,DANA F. COLE,BRYAN SWARTZ,CPA,SWARTZ@DANACOLE.COM,4024799320,1248 O STREET SUITE 500,LINCOLN,NE,68508
2022-06-CENSUS-0000207213,WBBPKTLLURF6,2022,2023-03-29,311413363,"BHM CPA GROUP, INC.",MICHAEL A. BALESTRA,CPA,MIKE.BALESTRA@BHMCPAGROUP.COM,3045212648,PO BOX 325,HUNTINGTON,WV,25708
2022-06-CENSUS-0000207213,WBBPKTLLURF6,2022,2023-03-29,814560341,"CAROLYN L. GANDEE, CPA",CAROLYN L. GANDEE,CPA,CGANDEE@FRONTIER.COM,3046220850,102 BOY SCOUT CAMP ROAD,VOLGA,WV,26238
2022-12-CENSUS-0000241475,YMAZJDPHWW15,2022,2023-09-26,382979183,DRAKE CPAS,KARL DRAKE,AUDIT MANAGER,KDRAKECPA@GMAIL.COM,5179379333,3775 KIMMEL RD,HORTON,MI,49246
2022-06-CENSUS-0000171406,YVKAAR8UTVA5,2022,2023-03-14,621110839,ALEXANDER THOMPSON ARNOLD PLLC,MARK DOWNING,PARTNER,MDOWNING@ATACPA.NET,7312857900,227 OIL WELL RD,JACKSON,TN,38305
2022-11-CENSUS-0000138652,F826K1ERFBG6,2022,2023-06-15,263596611,BORSCHNACK PELLETIER & CO,DANIEL BORSCHNACK,PARTNER,DBORSCHNACK@BPC-CPA.COM,8159331771,200 E COURT ST SUITE 608,KANKAKEE,IL,60901
2022-12-CENSUS-0000100046,LME1AFK5WGB6,2022,2023-09-24,271490692,"TIDWELL GROUP, LLC",ADAM TRETINIK,CPA,ADAM.TRETINIK@TIDWELLGROUP.COM,4702736612,"5901 PEACHTREE DUNWOODY RD BLDG A, STE 125",ATLANTA,GA,30328
2022-06-CENSUS-0000189616,V6WTL4T5FFJ3,2022,2023-03-29,453719567,ADELFIA LLC,JENNIFER S ROAN,PARTNER,JSROAN@ADELFIA.COM,3128049263,400 E. RANDOLPH ST. SUITE 2606,CHICAGO,IL,60601
2022-12-CENSUS-0000248466,CF7DLP4ENUK6,2022,2023-09-28,761695589,HARPER PEARSON,TONJA RODRIQUEZ,ASSURANCE SHAREHOLDER,TRODRIGUEZ@HARPERPEARSON.COM,7135792347,"ONE RIVERWAY DR., SUITE 1900",HOUSTON,TX,77056
2022-12-CENSUS-0000225307,RKL4UHVVXNC5,2022,2023-09-04,390758449,WIPFLI LLP,TIM RITTER,PARTNER,TRITTER@WIPFLI.COM,9525483401,"150 S 5TH STREET, SUITE 2000",MINNEAPOLIS,MN,55402
2022-06-CENSUS-0000186513,GCRDKKLSKW57,2022,2023-01-02,611275765,"CLAUSON, MOUSER & CO., PSC",SUSAN MOUSER,CPA,SUSAN@C-MCO.COM,2707373343,3033 RING ROAD,ELIZABETHTOWN,KY,42701
2022-06-CENSUS-0000177464,V6G7QFJLVHV1,2022,2023-03-19,550769185,"DAVID L. HOWELL, CPA",DAVID HOWELL,CPA,DAVIDHOWELLCPA@SUDDENLINK.NET,3042202319,PO BOX 458,BELLE,WV,25015
2022-06-CENSUS-0000177464,V6G7QFJLVHV1,2022,2023-03-19,311413363,"BHM CPA GROUP, INC.",MICHAEL A. BALESTRA,VP DIRECTOR,MIKE.BALESTRA@BHMCPAGROUP.COM,3045212648,PO BOX 325,HUNTINGTON,WV,25708
2022-06-CENSUS-0000154122,D6RFXANT7YD1,2022,2023-01-05,431626246,DANIEL JONES AND ASSOCIATES,MATTHEW SELL,ASSOCIATE,MSELL@DJACPA.COM,3144641330,3510 JEFFCO BLVD,ARNOLD,MO,630103999
2022-06-CENSUS-0000171410,T3LGVRCFU3D8,2022,2023-03-16,621767845,"BEAN, RHOTON & KELLY, PLLC","AMANDA Z LOCKHART, CPA",MEMBER,AMANDA@BRKCPA.COM,9319670611,300 S. JEFFERSON STREET,WINCHESTER,TN,37398
2022-06-CENSUS-0000171410,T3LGVRCFU3D8,2022,2023-03-16,621446205,DAVID KIDD & ASSOCIATES,DAVID KIDD,OWNER,DAVID@DAVIDKIDDCPA.COM,9314330128,115 N. MAIN AVE,FAYETTEVILLE,TN,37334
2022-06-CENSUS-0000171410,T3LGVRCFU3D8,2022,2023-03-16,621485237,"PUTMAN & HANCOCK, CPAS",DAN HANCOCK,PARTNER,DHANCOCK@PUTMANANDHANCOCK.COM,9314331040,PO BOX 722,FAYETTEVILLE,TN,37334
2022-12-CENSUS-0000173329,JNGVKR5UVAM5,2022,2023-05-31,510606674,LACEY NEWDAY,SIDNEY LACEY,PRINCIPAL/ DIRECTOR,SLACEY@LNCHOUSTON.COM,7134465970,1414 GUSTAV ST  #12,HOUSTON,TX,77023
2022-06-CENSUS-0000198401,DAKHSD18MVG5,2022,2023-02-13,621717910,"MATLOCK CLEMENTS, P.C.",ANDY MATLOCK CPA,PARTNER,ANDY@MATLOCKCLEMENTS.COM,6159071881,270 GLENIS DRIVE SUITE A,MURFREESBORO,TN,37129
2022-06-CENSUS-0000171396,D1QMDGN7KB46,2022,2023-02-08,621649263,GODWIN AND ASSOCIATES,BETHANY HOWELL,AUDITOR,BGODWIN@GODWIN-CPA.COM,7319256547,408 MAIN ST,SAVANNAH,TN,38372
2022-06-CENSUS-0000016407,XB7ELNEFXMT9,2022,2023-02-08,660539048,CROWE PR PSC,JUAN BRUNO,AUDIT AND TAX LEADER,JUAN.BRUNO@CROWE.PR,7676251800,100 CARR. 165 STE. 410,GUAYNABO,PR,009688051
2022-05-CENSUS-0000081416,T8K413D9X8K5,2022,2023-02-20,593204548,"JAMES MOORE & CO., P.L.",KEN KURDZIEL,PARTNER,KEN.KURDZIEL@JMCO.COM,3526704321,5931 NW 1ST PL,GAINESVILLE,FL,32607
2022-12-CENSUS-0000055187,UL4MMR4VR157,2022,2023-08-28,382979183,DRAKE CPAS,KARL DRAKE,AUDIT MANAGER,KDRAKECPA@GMAIL.COM,5179379333,3775 KIMMEL RD,HORTON,MI,49246
2022-12-CENSUS-0000152795,JY2DYJXPQW56,2022,2023-09-26,431794646,WELCH & ASSOCIATES,BRIAN WELCH,MANAGING MEMBER,BWELCH@WELCHCPAFIRM.COM,8167562620,"2405 GRAND BLVD., SUITE 1040",KANSAS CITY,MO,64108
2022-09-CENSUS-0000152334,J4SPZX4G4AM9,2022,2023-09-20,621110839,"ALEXANDER THOMPSON ARNOLD, PLLC",MATT WOOD,PARTNER,MWOOD@ATACPA.NET,7314278571,227 OIL WELL ROAD,JACKSON,TN,38305
2022-06-CENSUS-0000075619,ZTCCWP1BCNG7,2022,2023-03-30,202153727,"SB & COMPANY, LLC",STEPHEN MACKALL,MANAGER,SMACKALL@SBANDCOMPANY.COM,4100540060,"10200 GRAND CENTRAL AVENUE, SUITE 250",OWINGS MILLS,MD,21117
2022-04-CENSUS-0000191679,JY2DYJXPQW56,2022,2023-01-02,431794646,"WELCH & ASSOCIATES, L.L.C",BRIAN WELCH,MANAGING MEMBER,BWELCH@WELCHCPAFIRM.COM,8167562620,"920 MAIN, SUITE 640",KANSAS CITY,MO,64105
2022-12-CENSUS-0000259040,SAYJB6CAQM71,2022,2023-09-27,203920878,"BULTYNCK & CO, P.L.L.C",MITCH BAZINSKI,AUDITOR,MBAZINSKI@BULTYNCK.COM,5862867300,15985 CANAL RD,CLINTON TWP,MI,480385021
2022-08-CENSUS-0000069688,LBNNLRDE8793,2022,2023-05-30,470625816,LUTZ & COMPANY PC,KATIE BYRD,DIRECTOR,KBYRD@LUTZ.US,4024968800,"13616 CALIFORNIA STREET, SUITE 300",OMAHA,NE,68154
2022-08-CENSUS-0000197949,FHNNM3SV1G99,2022,2023-03-12,581107697,"SEROTTA MADDOCKS EVANS & CO., CPAS",APRIL LOTT,AUDIT SUPERVISOR,ALOTT@SMECPA.COM,7067225337,"2743 PERIMETER PARKWAY, BLD 100, SUITE 200",AUGUSTA,GA,30909
2022-06-CENSUS-0000171374,X1PHNPJ79AA4,2022,2023-02-12,621483064,"MITCHELL, EMERT & HILL",RICHARD W. HILL,DIRECTOR,RICHARDHILL@MEHCPA.COM,8655222396,416 ERIN DRIVE,KNOXVILLE,TN,37919
2022-06-CENSUS-0000171420,QFCVB9X7NN47,2022,2023-01-26,621206753,"HG&A ASSOCIATES, P.C.",TIM ROYSTER,AUDIT DIRECTOR,TROYSTER@HGA-CPA.COM,8656918000,6504 DEANE HILL DRIVE,KNOXVILLE,TN,37919
2022-06-CENSUS-0000093339,PT74Q7MKNP78,2022,2023-03-16,620882329,"PURKEY CARTER COMPTON SWANN AND CARTER, PLLC",SUSIE CARTER,MEMBER,SCARTER@PCCSC.COM,4235864850,2335 W ANDREW JOHNSON HWY,MORRISTOWN,TN,37814
2022-06-CENSUS-0000141344,KJYLZF1KNV73,2022,2023-03-20,363705616,"PRADO & RENTERIA CPAS, PROF. CORP.",HILDA RENTERIA,PARTNER,HRENTERIA@PRADORENTERIA.COM,3125671330,1837 S. MICHIGAN AVE.,CHICAGO,IL,60616
2022-06-CENSUS-0000202564,VFCCS8BB7JN5,2022,2023-03-22,311413363,"BHM CPA GROUP, INC.",MICHAEL A. BALESTRA,CPA,MIKE.BALESTRA@BHMCPAGROUP.COM,3045212648,PO BOX 325,HUNTINGTON,WV,25708
2022-09-CENSUS-0000253583,XJH6EP7LNYR5,2022,2023-02-18,481066439,"BT&CO., P.A.",KAREN LINN,MANAGING DIRECTOR,KLINN@BTCO.CPA,7852343427,4301 SW HUNTOON ST,TOPEKA,KS,66604
2022-06-CENSUS-0000191841,E9LKLNK2TP24,2022,2023-03-30,813584368,"FERRARI AND ASSOCIATES, PLLC",BRYAN BOWMAN,PARTNER,BRYAN@FERRARICPAS.COM,3045410673,616 SCHUBERT PLACE,MORGANTOWN,WV,26505
2022-06-CENSUS-0000233322,EXMYK6AHBQQ8,2022,2023-03-15,311413363,"BHM CPA GROUP, INC",MICHAEL A. BALESTRA,CPA,MIKE.BALESTRA@BHMCPAGROUP.COM,3045212648,PO BOX 325,HUNTINGTON,WV,25708
2022-06-CENSUS-0000200754,M714LPXD4P24,2022,2023-03-30,223299874,"BKC, CPAS, PC","LAURA ATWELL, CPA",MANAGER,LA@BKC-CPA.COM,9087827900,"39 STATE ROUTE 12, STE 2",FLEMINGTON,NJ,088221239
2022-06-CENSUS-0000215350,ML32UBAQ8PZ4,2022,2023-03-28,223299874,"BKC, CPAS, PC","LAURA ATWELL, CPA",MANAGER,LA@BKC-CPA.COM,9087827900,"39 STATE ROUTE 12, STE 2",FLEMINGTON,NJ,088221239
2022-06-CENSUS-0000177494,KCLQKL8QFKX5,2022,2023-03-02,311413363,"BHM CPA GROUP, INC.",MICHAEL A. BALESTRA,CPA,MIKE.BALESTRA@BHMCPAGROUP.COM,3045212648,PO BOX 325,HUNTINGTON,WV,25708
2022-06-CENSUS-0000235990,S14NN62Q9419,2022,2023-03-13,813584368,"FERRARI AND ASSOCIATES, PLLC",BRYAN BOWMAN,PARTNER,BRYAN@FERRARICPAS.COM,3045410673,616 SCHUBERT PLACE,MORGANTOWN,WV,26505
2022-06-CENSUS-0000235990,S14NN62Q9419,2022,2023-03-13,814560341,"CAROLYN L. GANDEE, CPA",CAROLYN L. GANDEE,CPA,CGANDEE@FRONTIER.COM,3046220850,102 BOY SCOUT CAMP ROAD,VOLGA,WV,26238
2022-06-CENSUS-0000212968,Q3T3J6FTL3C4,2022,2023-03-27,550357807,"TETRICK AND BARTLETT, PLLC",MARY C. FLEECE,"CPA, CGFM, CFE, CGMA",MFLEECE@TB.CPA,3046245564,PO BOX 1916,CLARKSBURG,WV,263021916
2021-09-CENSUS-0000219845,GSA_MIGRATION,2021,2023-05-15,630834690,"BANKS, FINLEY, WHITE & CO CPA'S","BANKS, FINLEY, WHITE & CO CPA'S",DAVID MOORE,DMORRE@BFWCPA.COM,4047631002,3504 - EAST MAIN STREET,COLLEGE PARK,GA,30337
2022-06-CENSUS-0000177472,JX8UMKK9T7N1,2022,2023-03-29,311413363,"BHM CPA GROUP, INC",MICHAEL A. BALESTRA,CPA,MIKE.BALESTRA@BHMCPAGROUP.COM,3045212648,PO BOX 325,HUNTINGTON,WV,25708
2022-06-CENSUS-0000199658,KG3GCQLE5S49,2022,2023-03-29,813584368,"FERRARI & ASSOCIATES, PLLC",BRYAN BOWMAN,PARTNER,BRYAN@FERRARICPAS.COM,3045410673,616 SCHUBERT PLACE,MORGANTOWN,WV,26505
2022-06-CENSUS-0000186066,NEDEE3ERPJR1,2022,2023-04-17,621145254,"BANKS, FINLEY, WHITE & COMPANY",CHRIS HEARN,PARTNER,CHEARN@BWFCPA.COM,9012746702,1450 POPLAR AVENUE,MEMPHIS,TN,38104
2021-12-CENSUS-0000144820,GSA_MIGRATION,2021,2023-06-14,481032601,"ALLEN, GIBBS & HOULIK, LC",TARA LAUGHLIN,SENIOR VICE PRESIDENT,TARA.LAUGHLIN@AGHLC.COM,3162914057,"301 N. MAIN ST., STE. 1700",WICHITA,KS,67202
2021-12-CENSUS-0000208410,GSA_MIGRATION,2021,2023-05-21,716042275,ARKANSAS LEGISLATIVE AUDIT,TIM JONES,DEPUTY LEGISLATIVE AUDITOR,TIM.JONES@ARLEGAUDIT.GOV,5016838600,"500 WOODLANE STREET, SUITE172",LITTLE ROCK,AR,722011099
2021-09-CENSUS-0000124199,GSA_MIGRATION,2021,2023-04-26,009999999,DCAA LOS ANGELES SOUTH BRANCH OFFICE,REYHEENA FAXON,ACTING SUPERVISORY AUDITOR,REYHEENA.FAXON@DCAA.MIL,5714484583,3 HUTTON CENTER DRIVE,SANTA ANA,CA,92707
2021-06-CENSUS-0000131803,GSA_MIGRATION,2021,2023-04-04,680300457,MACIAS GINI & O'CONNELL LLP,KEVIN STARKEY,ASSURANCE PARTNER,KSTARKEY@MGOCPA.COM,9169284600,"500 CAPITOL MALL, STE. 2200",SACRAMENTO,CA,95814
2021-12-CENSUS-0000256969,GSA_MIGRATION,2021,2023-02-08,273858252,"DEAN DORTON ALLEN FORD, PLLC",JOHN WURTENBERGER,DIRECTOR,JWURTENBERGER@DEANDORTON.COM,5025661061,"435 N WHITTINGTON PKWAY, STE 400",LOUISVILLE,KY,40222
2021-12-CENSUS-0000240739,GSA_MIGRATION,2021,2023-03-29,201755177,Y. J. MICHEL & ASSOCIATES PA,YANICK J MICHEL,AUDIT MANAGER,YANICKM@YJMICHEL.COM,3054966169,15600 SW 288 ST SUITE 312,HOMESTEAD,FL,33033
2021-06-CENSUS-0000141947,GSA_MIGRATION,2021,2023-01-12,680488428,"BEUSSINK, HEY, ROE & STRODER, L.L.C.",JEFF STRODER,AUDIT PARTNER,JSTRODER@BHRCPAS.COM,5733347971,16 SOUTH SILVER SPRINGS ROAD,CAPE GIRARDEAU,MO,63703
2021-12-CENSUS-0000219685,GSA_MIGRATION,2021,2023-04-04,720738838,"DARNALL, SIKES & FREDERICK",JOHN P ARMATO,PARTNER,KAYLAD@DSFCPAS.COM,9853846264,1201 BRASHEAR AVE.,MORGAN CITY,LA,70380
2021-12-CENSUS-0000219685,GSA_MIGRATION,2021,2023-04-04,721369868,KOLDER SLAVEN & COMPANY,GERALD A THIBODEAUX,PARTNER,GERALDT@KRCPAS.COM,9853842020,1201 DAVID DR.,MORGAN CITY,LA,70380
2021-09-CENSUS-0000246959,GSA_MIGRATION,2021,2023-01-09,410746749,CLIFTONLARSONALLEN LLP,BHAKTI PATEL,PRINCIPAL,BHAKTI.PATEL@CLACONNECT.COM,8178775000,801 CHERRY STREET SUITE 1400,FORT WORTH,TX,76102
2021-06-CENSUS-0000250174,GSA_MIGRATION,2021,2023-04-13,870470666,KARREN HENDRIX STAGG ALLEN AND COMPANY,TIM REES,PARTNER,TREES@KHSA.BIZ,8015600676,111 EAST BROADWAY,SALT LAKE CITY,UT,84111
2020-12-CENSUS-0000198984,GSA_MIGRATION,2020,2023-01-08,716042275,ARKANSAS LEGISLATIVE AUDIT,TIM JONES,DEPUTY LEGISLATIVE AUDITOR,TIM.JONES@ARLEGAUDIT.GOV,5016838600,500 WOODLANE STREET SUITE 172,LITTLE ROCK,AR,722011099
2020-12-CENSUS-0000131276,GSA_MIGRATION,2020,2023-02-05,716042275,ARKANSAS LEGISLATIVE AUDIT,TIM JONES,DEPUTY LEGISLATIVE AUDITOR,TIM.JONES@ARKLEGAUDIT.GOV,5016838600,500 WOODLANE STREET SUITE 172,LITTLE ROCK,AR,722011099
2021-06-CENSUS-0000220896,GSA_MIGRATION,2021,2023-08-01,452840231,"MAYBERRY & COMPANY, LLC",TIM MAYBERRY,SHAREHOLDER,TPMAYBERRY@MAYBERRYCPAS.COM,3039932199,8310 SOUTH VALLEY HIGHWAY - SUITE 300,ENGLEWOOD,CO,80112
2022-06-CENSUS-0000142179,KDP6QKY6QLM1,2022,2023-03-26,440160260,"FORVIS, LLP","RICK WITTGREN, CPA",PARTNER,RICK.WITTGREN@FORVIS.COM,3173834000,"201 N. ILLINOIS STREET, SUITE 700",INDIANAPOLIS,IN,462040998
2022-12-CENSUS-0000069335,MV23GETUKEY5,2022,2023-09-28,351750664,"DAUBY O'CONNOR ZALESKI, LLC",AMY UNTERFRANZ,MEMBER,AUNTERFRANZ@DOZLLC.COM,3178485700,501 CONGRESSIONAL BLVD,CARMEL,IN,46032
2021-12-CENSUS-0000146898,GSA_MIGRATION,2021,2023-02-22,721202445,CARR RIGGS & INGRAM CPAS AND ADVISORS,"BECKY HAMMOND, CPA",PARTNER,BHAMMOND@CRICPA.COM,9856295558,1 GALLERIA BLVD. SUITE 2100,METAIRIE,LA,70001
2022-06-CENSUS-0000129783,V51BY26T73M5,2022,2023-06-27,135381590,"BDO USA, LLP",JOY MERRINER,PARTNER,JMERRINER@BDO.COM,9072788878,"3601 C STREET, SUITE 600",ANCHORAGE,AK,99503
2022-06-CENSUS-0000129783,V51BY26T73M5,2022,2023-06-27,920127098,"ELGEE REHFELD, LLC",KAREN TARVER,PARTNER,KAREN@ERMCPA.COM,9077893178,"9309 GLACIER HIGHWAY, SUITE B-200",JUNEAU,AK,99801
2022-06-CENSUS-0000129783,V51BY26T73M5,2022,2023-06-27,410746749,"CLIFTONLARSONALLEN, LLP",CHRIS SUDA,PRINCIPAL,CHRIS.SUDA@CLACONNECT.COM,3149254395,"600 WASHINGTON AVENUE, SUITE 1800",ST. LOUIS,MO,63101
2022-06-CENSUS-0000129783,V51BY26T73M5,2022,2023-06-27,920143182,ALTMAN ROGERS & CO.,JOSEPH BERGENE,SHAREHOLDER,JONP@ALTROGCO.COM,9075863993,"3000 C STREET, SUITE 201",ANCHORAGE,AK,99503
2022-06-CENSUS-0000129783,V51BY26T73M5,2022,2023-06-27,450250958,"EIDE BAILLY, LLC",LEALAN MILLER,PARTNER,LMILLER@EIDEBAILLY.COM,2083834756,4310 17TH AVENUE S.,FARGO,ND,581033339
2022-06-CENSUS-0000175013,Z17TDWP12G31,2022,2023-03-16,450250958,EIDE BAILLY LLP,MICHAEL MICHELSEN,AUDIT PARTNER,MMICHELSEN@EIDEBAILLY.COM,8015322200,"5 TRIAD CENTER, SUITE 600",SALT LAKE CITY,UT,84180
2022-06-CENSUS-0000130209,YC11KWJKWM97,2022,2023-03-30,410746749,CLIFTONLARSONALLEN,MANDY MERCHANT,PRINCIPAL,MANDY.MERCHANT@CLACONNECT.COM,4124856767,"20 E THOMAS ROAD, SUITE 2300",PHOENIX,AZ,85012
2022-06-CENSUS-0000181657,LK34C47QFQC5,2022,2023-03-30,364546665,"THOMAS & REED, LLC",STEPHEN A. REED,PRESIDENT/CEO,SREED@TRLLC-CPA.COM,3179556933,"148 E. MARKET STREET, SUITE 300",INDIANAPOLIS,IN,46204
2022-06-CENSUS-0000181657,LK34C47QFQC5,2022,2023-03-30,440160260,BKD CPAS & ADVISORS,RICK WITTGREN,PARTNER,RWITTGREN@BKD.COM,3173835470,"201 NORTH ILLINOIS STREET, SUITE 700",INDIANAPOLIS,IN,46204
2022-06-CENSUS-0000181657,LK34C47QFQC5,2022,2023-03-30,420714325,RSM US LLP,JOSEPH J. EVANS,PARTNER,JOSEPH.EVANS@RSMUS.COM,3126344540,"30 SOUTH WACKER DRIVE, SUITE 3300",CHICAGO,IL,60606
2022-06-CENSUS-0000181657,LK34C47QFQC5,2022,2023-03-30,351090346,"KATZ, SAPPER & MILLER",SCOTT SCHUSTER,PARTNER,SSCHUSTER@KSMCPA.COM,3175802401,"800 EAST 96TH STREET, SUITE 500",INDIANAPOLIS,IN,46240
2022-06-CENSUS-0000181657,LK34C47QFQC5,2022,2023-03-30,350921680,CROWE LLP,SCOTT NICKERSON,PARTNER,SCOTT.NICKERSON@CROWE.COM,3177062693,"3815 RIVER CROSSING PARKWAY, SUITE 300",INDIANAPOLIS,IN,46240
2022-06-CENSUS-0000181657,LK34C47QFQC5,2022,2023-03-30,410746749,CLIFTON LARSON ALLEN LLP,HOPE WHEELER,"PRINCIPAL, ASSURANCE SERVICES",HOPE.WHEELER@CLACONNECT.COM,2173733139,"301 NORTH NEIL STREET, SUITE 205",CHAMPAIGN,IL,61820
2022-06-CENSUS-0000181657,LK34C47QFQC5,2022,2023-03-30,381357951,"PLANTE & MORAN, PLLC",STEVEN BISHOP,"CPA, PARTNER, ASSURANCE",PM.SINGLEAUDIT@PLANTEMORAN.COM,5137444704,"537 E. PETE ROSEWAY, STE 300",CINCINNATI,OH,45202
